{
	"class_success_rate" : 
	[
		99.794235229492188,
		98.856643676757812,
		99.36102294921875,
		98.5465087890625,
		98.897796630859375,
		98.156181335449219,
		99.094566345214844,
		99.513618469238281,
		98.861282348632812,
		98.517784118652344
	],
	"confusion_matrix" : 
	[
		[
			970,
			0,
			1,
			1,
			0,
			2,
			0,
			0,
			1,
			1
		],
		[
			0,
			1124,
			0,
			1,
			1,
			3,
			0,
			1,
			2,
			0
		],
		[
			0,
			7,
			933,
			3,
			0,
			1,
			1,
			2,
			1,
			0
		],
		[
			0,
			0,
			0,
			1017,
			0,
			1,
			0,
			0,
			0,
			1
		],
		[
			0,
			1,
			0,
			0,
			987,
			1,
			2,
			1,
			1,
			9
		],
		[
			0,
			0,
			0,
			3,
			0,
			905,
			6,
			0,
			1,
			1
		],
		[
			1,
			2,
			0,
			0,
			2,
			7,
			985,
			0,
			1,
			0
		],
		[
			0,
			3,
			4,
			6,
			0,
			0,
			0,
			1023,
			0,
			2
		],
		[
			0,
			0,
			1,
			1,
			1,
			2,
			0,
			0,
			955,
			1
		],
		[
			1,
			0,
			0,
			0,
			7,
			0,
			0,
			1,
			4,
			997
		]
	],
	"succes_result" : 98.959999084472656,
	"total_correct" : 9896,
	"total_wrong" : 104
}