{
	"class_success_rate" : 
	[
		99.795921325683594,
		99.647575378417969,
		99.612403869628906,
		99.801979064941406,
		99.185333251953125,
		99.327354431152344,
		99.060539245605469,
		99.513618469238281,
		99.486656188964844,
		99.008918762207031
	],
	"confusion_matrix" : 
	[
		[
			978,
			0,
			1,
			0,
			0,
			1,
			4,
			0,
			0,
			0
		],
		[
			0,
			1131,
			0,
			0,
			0,
			0,
			3,
			1,
			0,
			0
		],
		[
			0,
			3,
			1028,
			1,
			0,
			0,
			1,
			4,
			1,
			0
		],
		[
			0,
			0,
			0,
			1008,
			0,
			3,
			0,
			0,
			0,
			1
		],
		[
			0,
			0,
			0,
			0,
			974,
			0,
			0,
			0,
			1,
			5
		],
		[
			0,
			0,
			0,
			1,
			0,
			886,
			1,
			0,
			1,
			1
		],
		[
			1,
			0,
			0,
			0,
			3,
			1,
			949,
			0,
			0,
			0
		],
		[
			1,
			1,
			3,
			0,
			0,
			1,
			0,
			1023,
			0,
			3
		],
		[
			0,
			0,
			0,
			0,
			0,
			0,
			0,
			0,
			969,
			0
		],
		[
			0,
			0,
			0,
			0,
			5,
			0,
			0,
			0,
			2,
			999
		]
	],
	"succes_result" : 99.449996948242188,
	"total_correct" : 9945,
	"total_wrong" : 55
}