{
	"class_success_rate" : 
	[
		99.591835021972656,
		99.471366882324219,
		99.321708679199219,
		99.108909606933594,
		98.065170288085938,
		98.99102783203125,
		98.64300537109375,
		99.12451171875,
		98.870635986328125,
		98.116950988769531
	],
	"confusion_matrix" : 
	[
		[
			976,
			0,
			0,
			0,
			1,
			1,
			7,
			0,
			2,
			0
		],
		[
			1,
			1129,
			0,
			0,
			0,
			0,
			3,
			4,
			0,
			2
		],
		[
			1,
			3,
			1025,
			1,
			0,
			0,
			0,
			3,
			1,
			1
		],
		[
			0,
			0,
			0,
			1001,
			0,
			4,
			0,
			1,
			1,
			1
		],
		[
			0,
			1,
			0,
			0,
			963,
			0,
			0,
			0,
			1,
			7
		],
		[
			0,
			1,
			0,
			2,
			0,
			883,
			3,
			0,
			1,
			3
		],
		[
			1,
			0,
			0,
			0,
			4,
			3,
			945,
			0,
			0,
			0
		],
		[
			1,
			1,
			6,
			4,
			0,
			1,
			0,
			1019,
			1,
			5
		],
		[
			0,
			0,
			1,
			2,
			1,
			0,
			0,
			1,
			963,
			0
		],
		[
			0,
			0,
			0,
			0,
			13,
			0,
			0,
			0,
			4,
			990
		]
	],
	"succes_result" : 98.94000244140625,
	"total_correct" : 9894,
	"total_wrong" : 106
}