{
	"class_success_rate" : 
	[
		99.489799499511719,
		99.559471130371094,
		99.224807739257812,
		98.217819213867188,
		97.046844482421875,
		99.103141784667969,
		98.747390747070312,
		97.85992431640625,
		98.665298461914062,
		97.621406555175781
	],
	"confusion_matrix" : 
	[
		[
			975,
			0,
			1,
			0,
			2,
			1,
			5,
			1,
			0,
			6
		],
		[
			1,
			1130,
			1,
			0,
			0,
			0,
			3,
			4,
			0,
			3
		],
		[
			0,
			2,
			1024,
			3,
			0,
			0,
			0,
			9,
			1,
			0
		],
		[
			0,
			1,
			0,
			992,
			1,
			3,
			0,
			4,
			2,
			1
		],
		[
			0,
			1,
			0,
			0,
			953,
			1,
			1,
			1,
			1,
			8
		],
		[
			1,
			0,
			0,
			8,
			0,
			884,
			3,
			0,
			3,
			2
		],
		[
			2,
			1,
			1,
			0,
			4,
			2,
			946,
			0,
			0,
			0
		],
		[
			1,
			0,
			3,
			5,
			0,
			1,
			0,
			1006,
			1,
			4
		],
		[
			0,
			0,
			2,
			2,
			2,
			0,
			0,
			1,
			961,
			0
		],
		[
			0,
			0,
			0,
			0,
			20,
			0,
			0,
			2,
			5,
			985
		]
	],
	"succes_result" : 98.55999755859375,
	"total_correct" : 9856,
	"total_wrong" : 144
}