{
	"class_success_rate" : 
	[
		99.59100341796875,
		98.861480712890625,
		99.190284729003906,
		97.607177734375,
		96.969696044921875,
		98.045265197753906,
		98.918388366699219,
		98.790321350097656,
		98.286293029785156,
		98.369010925292969
	],
	"confusion_matrix" : 
	[
		[
			974,
			0,
			0,
			0,
			1,
			5,
			0,
			0,
			2,
			1
		],
		[
			0,
			1042,
			0,
			0,
			0,
			1,
			3,
			1,
			0,
			1
		],
		[
			0,
			7,
			980,
			7,
			2,
			0,
			1,
			3,
			1,
			0
		],
		[
			0,
			0,
			0,
			979,
			0,
			1,
			0,
			3,
			2,
			1
		],
		[
			2,
			2,
			1,
			0,
			992,
			2,
			0,
			1,
			1,
			4
		],
		[
			0,
			0,
			1,
			5,
			0,
			953,
			4,
			0,
			2,
			5
		],
		[
			1,
			0,
			0,
			0,
			8,
			7,
			1006,
			0,
			2,
			0
		],
		[
			0,
			3,
			4,
			7,
			0,
			0,
			0,
			980,
			3,
			4
		],
		[
			1,
			0,
			2,
			3,
			2,
			1,
			3,
			1,
			975,
			0
		],
		[
			0,
			0,
			0,
			2,
			18,
			2,
			0,
			3,
			4,
			965
		]
	],
	"succes_result" : 98.459999084472656,
	"total_correct" : 9846,
	"total_wrong" : 154
}