{
	"class_success_rate" : 
	[
		98.709037780761719,
		98.611114501953125,
		98.137252807617188,
		99.101799011230469,
		99.898887634277344,
		97.799041748046875,
		99.900596618652344,
		99.797569274902344,
		99.791229248046875,
		98.055274963378906
	],
	"confusion_matrix" : 
	[
		[
			994,
			7,
			3,
			4,
			0,
			5,
			0,
			1,
			0,
			11
		],
		[
			0,
			994,
			1,
			1,
			0,
			0,
			0,
			0,
			0,
			0
		],
		[
			0,
			2,
			1001,
			0,
			0,
			4,
			1,
			1,
			1,
			3
		],
		[
			0,
			0,
			0,
			993,
			0,
			0,
			0,
			0,
			0,
			2
		],
		[
			0,
			3,
			0,
			0,
			988,
			1,
			0,
			0,
			0,
			0
		],
		[
			8,
			0,
			3,
			0,
			0,
			1022,
			0,
			0,
			1,
			0
		],
		[
			3,
			1,
			2,
			2,
			1,
			5,
			1005,
			0,
			0,
			0
		],
		[
			0,
			1,
			2,
			1,
			0,
			3,
			0,
			986,
			0,
			0
		],
		[
			0,
			0,
			6,
			0,
			0,
			5,
			0,
			0,
			956,
			3
		],
		[
			2,
			0,
			2,
			1,
			0,
			0,
			0,
			0,
			0,
			958
		]
	],
	"succes_result" : 98.970001220703125,
	"total_correct" : 9897,
	"total_wrong" : 103
}