{
	"class_success_rate" : 
	[
		98.979591369628906,
		99.471366882324219,
		99.5155029296875,
		99.801979064941406,
		99.898170471191406,
		97.085205078125,
		99.895614624023438,
		99.416343688964844,
		99.383979797363281,
		98.513381958007812
	],
	"confusion_matrix" : 
	[
		[
			970,
			4,
			0,
			0,
			0,
			13,
			0,
			0,
			0,
			4
		],
		[
			0,
			1129,
			0,
			0,
			0,
			0,
			0,
			1,
			0,
			1
		],
		[
			0,
			1,
			1027,
			0,
			0,
			3,
			0,
			1,
			1,
			1
		],
		[
			0,
			0,
			0,
			1008,
			0,
			0,
			0,
			2,
			0,
			7
		],
		[
			0,
			0,
			0,
			0,
			981,
			1,
			0,
			0,
			0,
			0
		],
		[
			6,
			0,
			2,
			0,
			0,
			866,
			0,
			0,
			1,
			0
		],
		[
			1,
			1,
			0,
			0,
			0,
			2,
			957,
			1,
			1,
			0
		],
		[
			1,
			0,
			0,
			0,
			0,
			0,
			0,
			1022,
			0,
			1
		],
		[
			0,
			0,
			0,
			0,
			1,
			4,
			1,
			0,
			968,
			1
		],
		[
			2,
			0,
			3,
			2,
			0,
			3,
			0,
			1,
			3,
			994
		]
	],
	"succes_result" : 99.220001220703125,
	"total_correct" : 9922,
	"total_wrong" : 78
}