{
	"class_success_rate" : 
	[
		99.118515014648438,
		98.759544372558594,
		99.474235534667969,
		97.74127197265625,
		98.303390502929688,
		98.611114501953125,
		98.92156982421875,
		98.893363952636719,
		98.388717651367188,
		97.472190856933594
	],
	"confusion_matrix" : 
	[
		[
			1012,
			0,
			0,
			0,
			0,
			4,
			4,
			0,
			2,
			2
		],
		[
			0,
			1035,
			1,
			1,
			2,
			1,
			3,
			1,
			3,
			3
		],
		[
			2,
			8,
			946,
			8,
			0,
			1,
			0,
			6,
			1,
			0
		],
		[
			0,
			0,
			0,
			952,
			0,
			0,
			0,
			0,
			1,
			1
		],
		[
			0,
			1,
			1,
			0,
			985,
			0,
			0,
			0,
			2,
			9
		],
		[
			0,
			1,
			0,
			5,
			0,
			994,
			1,
			0,
			3,
			1
		],
		[
			4,
			0,
			0,
			0,
			8,
			2,
			1009,
			0,
			0,
			0
		],
		[
			0,
			2,
			1,
			5,
			0,
			0,
			0,
			983,
			0,
			5
		],
		[
			3,
			1,
			2,
			1,
			1,
			5,
			3,
			0,
			977,
			4
		],
		[
			0,
			0,
			0,
			2,
			6,
			1,
			0,
			4,
			4,
			964
		]
	],
	"succes_result" : 98.569999694824219,
	"total_correct" : 9857,
	"total_wrong" : 143
}