{
	"class_success_rate" : 
	[
		99.285713195800781,
		99.559471130371094,
		99.418601989746094,
		98.712867736816406,
		98.472503662109375,
		99.103141784667969,
		98.538619995117188,
		99.027236938476562,
		98.870635986328125,
		97.918731689453125
	],
	"confusion_matrix" : 
	[
		[
			973,
			0,
			1,
			0,
			0,
			1,
			3,
			0,
			1,
			1
		],
		[
			0,
			1130,
			0,
			0,
			0,
			0,
			4,
			1,
			1,
			1
		],
		[
			3,
			4,
			1026,
			3,
			0,
			0,
			1,
			7,
			2,
			1
		],
		[
			0,
			0,
			0,
			997,
			0,
			4,
			0,
			2,
			1,
			2
		],
		[
			0,
			0,
			1,
			0,
			967,
			1,
			2,
			0,
			1,
			5
		],
		[
			0,
			0,
			0,
			3,
			0,
			884,
			1,
			0,
			1,
			3
		],
		[
			2,
			1,
			1,
			0,
			4,
			1,
			944,
			0,
			0,
			1
		],
		[
			1,
			0,
			2,
			4,
			0,
			1,
			0,
			1018,
			1,
			4
		],
		[
			1,
			0,
			1,
			3,
			1,
			0,
			3,
			0,
			963,
			3
		],
		[
			0,
			0,
			0,
			0,
			10,
			0,
			0,
			0,
			3,
			988
		]
	],
	"succes_result" : 98.900001525878906,
	"total_correct" : 9890,
	"total_wrong" : 110
}