{
	"class_success_rate" : 
	[
		90.66534423828125,
		95.23809814453125,
		72.8431396484375,
		70.958084106445312,
		89.585441589355469,
		64.688995361328125,
		93.339958190917969,
		91.90283203125,
		68.580375671386719,
		80.757423400878906
	],
	"confusion_matrix" : 
	[
		[
			913,
			15,
			123,
			34,
			0,
			48,
			8,
			10,
			66,
			25
		],
		[
			17,
			960,
			1,
			1,
			17,
			1,
			6,
			7,
			7,
			12
		],
		[
			15,
			5,
			743,
			43,
			1,
			13,
			23,
			5,
			6,
			6
		],
		[
			1,
			0,
			15,
			711,
			0,
			183,
			0,
			2,
			103,
			10
		],
		[
			0,
			5,
			30,
			0,
			886,
			2,
			5,
			9,
			3,
			10
		],
		[
			18,
			0,
			33,
			112,
			0,
			676,
			4,
			1,
			63,
			6
		],
		[
			25,
			20,
			19,
			3,
			55,
			15,
			939,
			0,
			14,
			1
		],
		[
			0,
			2,
			9,
			14,
			5,
			6,
			0,
			908,
			10,
			84
		],
		[
			14,
			0,
			14,
			77,
			0,
			88,
			21,
			1,
			657,
			34
		],
		[
			4,
			1,
			33,
			7,
			25,
			13,
			0,
			45,
			29,
			789
		]
	],
	"succes_result" : 81.819999694824219,
	"total_correct" : 8182,
	"total_wrong" : 1818
}