{
	"class_success_rate" : 
	[
		91.2244873046875,
		98.414100646972656,
		77.713180541992188,
		71.980201721191406,
		92.158859252929688,
		64.910316467285156,
		93.006263732910156,
		90.661476135253906,
		75.359344482421875,
		81.466796875
	],
	"confusion_matrix" : 
	[
		[
			894,
			5,
			104,
			19,
			0,
			48,
			13,
			17,
			46,
			10
		],
		[
			13,
			1117,
			3,
			0,
			16,
			0,
			7,
			14,
			3,
			14
		],
		[
			24,
			1,
			802,
			52,
			0,
			11,
			25,
			16,
			9,
			7
		],
		[
			1,
			0,
			26,
			727,
			0,
			162,
			0,
			2,
			87,
			10
		],
		[
			0,
			0,
			15,
			0,
			905,
			1,
			8,
			5,
			2,
			7
		],
		[
			17,
			0,
			23,
			98,
			0,
			579,
			6,
			1,
			42,
			8
		],
		[
			19,
			11,
			20,
			0,
			44,
			7,
			891,
			1,
			22,
			0
		],
		[
			4,
			0,
			6,
			10,
			3,
			3,
			0,
			932,
			10,
			84
		],
		[
			4,
			1,
			8,
			89,
			3,
			73,
			8,
			1,
			734,
			47
		],
		[
			4,
			0,
			25,
			15,
			11,
			8,
			0,
			39,
			19,
			822
		]
	],
	"succes_result" : 84.029998779296875,
	"total_correct" : 8403,
	"total_wrong" : 1597
}