{
	"class_success_rate" : 
	[
		99.608612060546875,
		99.366416931152344,
		98.939247131347656,
		98.639457702636719,
		98.074974060058594,
		98.852775573730469,
		98.767967224121094,
		98.259979248046875,
		98.415840148925781,
		98.146240234375
	],
	"confusion_matrix" : 
	[
		[
			1018,
			0,
			1,
			0,
			1,
			5,
			3,
			0,
			1,
			2
		],
		[
			1,
			941,
			0,
			1,
			1,
			0,
			4,
			2,
			2,
			1
		],
		[
			0,
			3,
			1026,
			3,
			0,
			0,
			1,
			6,
			3,
			0
		],
		[
			0,
			0,
			0,
			1015,
			0,
			0,
			0,
			1,
			0,
			2
		],
		[
			0,
			1,
			0,
			0,
			968,
			0,
			0,
			1,
			1,
			6
		],
		[
			0,
			0,
			0,
			2,
			0,
			1034,
			1,
			0,
			2,
			3
		],
		[
			0,
			0,
			0,
			0,
			7,
			1,
			962,
			0,
			0,
			0
		],
		[
			0,
			1,
			6,
			2,
			1,
			0,
			0,
			960,
			1,
			3
		],
		[
			2,
			1,
			4,
			3,
			1,
			5,
			3,
			3,
			994,
			1
		],
		[
			1,
			0,
			0,
			3,
			8,
			1,
			0,
			4,
			6,
			953
		]
	],
	"succes_result" : 98.709999084472656,
	"total_correct" : 9871,
	"total_wrong" : 129
}