{
	"class_success_rate" : 
	[
		99.591835021972656,
		99.383262634277344,
		99.321708679199219,
		98.910888671875,
		98.676170349121094,
		99.327354431152344,
		98.538619995117188,
		97.957199096679688,
		99.075973510742188,
		97.918731689453125
	],
	"confusion_matrix" : 
	[
		[
			976,
			0,
			1,
			0,
			0,
			1,
			6,
			1,
			1,
			4
		],
		[
			1,
			1128,
			0,
			0,
			0,
			0,
			3,
			3,
			0,
			4
		],
		[
			1,
			2,
			1025,
			1,
			1,
			0,
			0,
			6,
			1,
			0
		],
		[
			0,
			2,
			0,
			999,
			0,
			3,
			0,
			4,
			1,
			1
		],
		[
			0,
			0,
			0,
			0,
			969,
			0,
			1,
			0,
			1,
			3
		],
		[
			0,
			2,
			0,
			3,
			0,
			886,
			3,
			0,
			0,
			5
		],
		[
			0,
			0,
			0,
			0,
			3,
			1,
			944,
			0,
			0,
			0
		],
		[
			1,
			1,
			3,
			5,
			0,
			1,
			0,
			1007,
			1,
			4
		],
		[
			1,
			0,
			3,
			2,
			2,
			0,
			1,
			2,
			965,
			0
		],
		[
			0,
			0,
			0,
			0,
			7,
			0,
			0,
			5,
			4,
			988
		]
	],
	"succes_result" : 98.870002746582031,
	"total_correct" : 9887,
	"total_wrong" : 113
}