{
	"class_success_rate" : 
	[
		100,
		100,
		99.691360473632812,
		98.692153930664062,
		99.898063659667969,
		99.000999450683594,
		94.271842956542969,
		99.028182983398438,
		97.649360656738281,
		100
	],
	"confusion_matrix" : 
	[
		[
			1031,
			0,
			0,
			0,
			0,
			0,
			0,
			0,
			0,
			0
		],
		[
			0,
			1040,
			2,
			0,
			0,
			0,
			0,
			0,
			0,
			0
		],
		[
			0,
			0,
			969,
			7,
			0,
			0,
			0,
			0,
			0,
			0
		],
		[
			0,
			0,
			0,
			981,
			0,
			0,
			0,
			0,
			0,
			0
		],
		[
			0,
			0,
			0,
			6,
			980,
			1,
			0,
			0,
			0,
			0
		],
		[
			0,
			0,
			0,
			0,
			0,
			991,
			53,
			0,
			0,
			0
		],
		[
			0,
			0,
			1,
			0,
			1,
			9,
			971,
			2,
			0,
			0
		],
		[
			0,
			0,
			0,
			0,
			0,
			0,
			6,
			1019,
			7,
			0
		],
		[
			0,
			0,
			0,
			0,
			0,
			0,
			0,
			8,
			997,
			0
		],
		[
			0,
			0,
			0,
			0,
			0,
			0,
			0,
			0,
			17,
			1015
		]
	],
	"succes_result" : 98.813522338867188,
	"total_correct" : 9994,
	"total_wrong" : 120
}