{
	"class_success_rate" : 
	[
		100,
		99.899398803710938,
		100,
		98.928916931152344,
		99.903846740722656,
		98.746383666992188,
		96.850395202636719,
		98.51190185546875,
		98.098098754882812,
		100
	],
	"confusion_matrix" : 
	[
		[
			970,
			1,
			0,
			0,
			0,
			0,
			0,
			0,
			0,
			0
		],
		[
			0,
			993,
			0,
			0,
			0,
			0,
			0,
			0,
			0,
			0
		],
		[
			0,
			0,
			1029,
			8,
			0,
			0,
			0,
			0,
			0,
			0
		],
		[
			0,
			0,
			0,
			1016,
			0,
			0,
			0,
			0,
			0,
			0
		],
		[
			0,
			0,
			0,
			3,
			1039,
			2,
			0,
			0,
			0,
			0
		],
		[
			0,
			0,
			0,
			0,
			0,
			1024,
			27,
			0,
			0,
			0
		],
		[
			0,
			0,
			0,
			0,
			1,
			11,
			984,
			2,
			0,
			0
		],
		[
			0,
			0,
			0,
			0,
			0,
			0,
			5,
			993,
			11,
			0
		],
		[
			0,
			0,
			0,
			0,
			0,
			0,
			0,
			13,
			980,
			0
		],
		[
			0,
			0,
			0,
			0,
			0,
			0,
			0,
			0,
			8,
			994
		]
	],
	"succes_result" : 99.090370178222656,
	"total_correct" : 10022,
	"total_wrong" : 92
}