{
	"class_success_rate" : 
	[
		100,
		100,
		99.807693481445312,
		100,
		100
	],
	"confusion_matrix" : 
	[
		[
			1037,
			0,
			0,
			0,
			0
		],
		[
			0,
			931,
			0,
			0,
			0
		],
		[
			0,
			0,
			1038,
			0,
			0
		],
		[
			0,
			0,
			2,
			1042,
			0
		],
		[
			0,
			0,
			0,
			0,
			977
		]
	],
	"succes_result" : 99.960212707519531,
	"total_correct" : 5025,
	"total_wrong" : 2
}