{
	"class_success_rate" : 
	[
		98.237022399902344,
		93.887779235839844,
		96.523513793945312,
		91.27789306640625,
		96.951820373535156
	],
	"confusion_matrix" : 
	[
		[
			1003,
			35,
			0,
			0,
			2
		],
		[
			18,
			937,
			13,
			0,
			0
		],
		[
			0,
			26,
			944,
			19,
			0
		],
		[
			0,
			0,
			21,
			900,
			29
		],
		[
			0,
			0,
			0,
			67,
			986
		]
	],
	"succes_result" : 95.400001525878906,
	"total_correct" : 4770,
	"total_wrong" : 230
}