{
	"class_success_rate" : 
	[
		98.525070190429688,
		95.07537841796875,
		97.568092346191406,
		92.504928588867188,
		96.828750610351562
	],
	"confusion_matrix" : 
	[
		[
			1002,
			28,
			0,
			0,
			1
		],
		[
			15,
			946,
			10,
			0,
			0
		],
		[
			0,
			21,
			1003,
			18,
			0
		],
		[
			0,
			0,
			15,
			938,
			29
		],
		[
			0,
			0,
			0,
			58,
			916
		]
	],
	"succes_result" : 96.099998474121094,
	"total_correct" : 4805,
	"total_wrong" : 195
}