{
	"class_success_rate" : 
	[
		97.529647827148438,
		93.191055297851562,
		95.353340148925781,
		90.239044189453125,
		97.104446411132812
	],
	"confusion_matrix" : 
	[
		[
			987,
			33,
			0,
			2,
			3
		],
		[
			24,
			917,
			10,
			0,
			0
		],
		[
			0,
			34,
			985,
			30,
			0
		],
		[
			0,
			0,
			38,
			906,
			25
		],
		[
			1,
			0,
			0,
			66,
			939
		]
	],
	"succes_result" : 94.680000305175781,
	"total_correct" : 4734,
	"total_wrong" : 266
}