{
	"class_success_rate" : 
	[
		98.131759643554688,
		93.266334533691406,
		95.914398193359375,
		91.124259948730469,
		95.87738037109375
	],
	"confusion_matrix" : 
	[
		[
			998,
			44,
			0,
			0,
			1
		],
		[
			19,
			928,
			14,
			0,
			0
		],
		[
			0,
			23,
			986,
			20,
			0
		],
		[
			0,
			0,
			28,
			924,
			38
		],
		[
			0,
			0,
			0,
			70,
			907
		]
	],
	"succes_result" : 94.860000610351562,
	"total_correct" : 4743,
	"total_wrong" : 257
}