{
	"class_success_rate" : 
	[
		77.507537841796875,
		84.258705139160156
	],
	"confusion_matrix" : 
	[
		[
			3856,
			791
		],
		[
			1119,
			4234
		]
	],
	"succes_result" : 80.900001525878906,
	"total_correct" : 8090,
	"total_wrong" : 1910
}