{
	"class_success_rate" : 
	[
		76.413604736328125,
		83.650344848632812
	],
	"confusion_matrix" : 
	[
		[
			3865,
			808
		],
		[
			1193,
			4134
		]
	],
	"succes_result" : 79.989997863769531,
	"total_correct" : 7999,
	"total_wrong" : 2001
}