{
	"class_success_rate" : 
	[
		99.404167175292969,
		98.378929138183594,
		98.60723876953125,
		99.310348510742188,
		99.132110595703125,
		98.663925170898438,
		98.997993469238281,
		98.636802673339844,
		98.218032836914062,
		97.513511657714844
	],
	"confusion_matrix" : 
	[
		[
			1001,
			0,
			2,
			1,
			0,
			0,
			1,
			1,
			1,
			0
		],
		[
			0,
			971,
			2,
			0,
			4,
			3,
			1,
			1,
			2,
			0
		],
		[
			0,
			11,
			1062,
			1,
			1,
			0,
			0,
			5,
			0,
			0
		],
		[
			0,
			0,
			1,
			1008,
			0,
			2,
			0,
			2,
			1,
			2
		],
		[
			0,
			2,
			1,
			0,
			1028,
			1,
			0,
			4,
			0,
			10
		],
		[
			2,
			0,
			0,
			1,
			0,
			960,
			8,
			0,
			4,
			3
		],
		[
			4,
			0,
			0,
			1,
			0,
			6,
			988,
			0,
			1,
			0
		],
		[
			0,
			3,
			5,
			2,
			0,
			0,
			0,
			1013,
			4,
			7
		],
		[
			0,
			0,
			4,
			1,
			1,
			1,
			0,
			0,
			937,
			1
		],
		[
			0,
			0,
			0,
			0,
			3,
			0,
			0,
			1,
			4,
			902
		]
	],
	"succes_result" : 98.699996948242188,
	"total_correct" : 9870,
	"total_wrong" : 130
}