{
	"class_success_rate" : 
	[
		97.412933349609375,
		93.970893859863281,
		95.634521484375,
		91.333984375,
		96.082275390625
	],
	"confusion_matrix" : 
	[
		[
			979,
			37,
			0,
			4,
			1
		],
		[
			25,
			904,
			12,
			1,
			0
		],
		[
			0,
			21,
			942,
			27,
			0
		],
		[
			0,
			0,
			30,
			938,
			39
		],
		[
			1,
			0,
			1,
			57,
			981
		]
	],
	"succes_result" : 94.879997253417969,
	"total_correct" : 4744,
	"total_wrong" : 256
}