{
	"class_success_rate" : 
	[
		97.715988159179688,
		95.895896911621094,
		95.02032470703125,
		91.790306091308594,
		96.496498107910156
	],
	"confusion_matrix" : 
	[
		[
			984,
			29,
			0,
			6,
			5
		],
		[
			22,
			958,
			17,
			1,
			1
		],
		[
			0,
			11,
			935,
			15,
			0
		],
		[
			0,
			0,
			32,
			928,
			29
		],
		[
			1,
			1,
			0,
			61,
			964
		]
	],
	"succes_result" : 95.379997253417969,
	"total_correct" : 4769,
	"total_wrong" : 231
}