{
	"class_success_rate" : 
	[
		98.178138732910156,
		72.364669799804688,
		94.6875,
		98.908729553222656,
		100
	],
	"confusion_matrix" : 
	[
		[
			970,
			250,
			1,
			0,
			0
		],
		[
			18,
			762,
			14,
			0,
			0
		],
		[
			0,
			41,
			909,
			7,
			0
		],
		[
			0,
			0,
			36,
			997,
			0
		],
		[
			0,
			0,
			0,
			4,
			1018
		]
	],
	"succes_result" : 92.619850158691406,
	"total_correct" : 4656,
	"total_wrong" : 371
}