{
	"class_success_rate" : 
	[
		82.907699584960938,
		85.378952026367188
	],
	"confusion_matrix" : 
	[
		[
			4123,
			735
		],
		[
			850,
			4292
		]
	],
	"succes_result" : 84.150001525878906,
	"total_correct" : 8415,
	"total_wrong" : 1585
}