{
	"class_success_rate" : 
	[
		98.365676879882812,
		92.814369201660156,
		94.945487976074219,
		90.231620788574219,
		95.181907653808594
	],
	"confusion_matrix" : 
	[
		[
			963,
			45,
			1,
			1,
			6
		],
		[
			16,
			930,
			23,
			0,
			0
		],
		[
			0,
			26,
			958,
			34,
			0
		],
		[
			0,
			1,
			27,
			896,
			43
		],
		[
			0,
			0,
			0,
			62,
			968
		]
	],
	"succes_result" : 94.300003051757812,
	"total_correct" : 4715,
	"total_wrong" : 285
}