{
	"class_success_rate" : 
	[
		98.231826782226562,
		93.822395324707031,
		94.903160095214844,
		92.141456604003906,
		95.459342956542969
	],
	"confusion_matrix" : 
	[
		[
			1000,
			36,
			1,
			1,
			0
		],
		[
			16,
			972,
			22,
			1,
			0
		],
		[
			0,
			27,
			931,
			27,
			0
		],
		[
			0,
			0,
			27,
			938,
			43
		],
		[
			2,
			1,
			0,
			51,
			904
		]
	],
	"succes_result" : 94.900001525878906,
	"total_correct" : 4745,
	"total_wrong" : 255
}