{
	"class_success_rate" : 
	[
		100,
		100,
		99.895835876464844,
		100,
		100
	],
	"confusion_matrix" : 
	[
		[
			988,
			0,
			0,
			0,
			0
		],
		[
			0,
			1053,
			0,
			0,
			0
		],
		[
			0,
			0,
			959,
			0,
			0
		],
		[
			0,
			0,
			1,
			1008,
			0
		],
		[
			0,
			0,
			0,
			0,
			1018
		]
	],
	"succes_result" : 99.980110168457031,
	"total_correct" : 5026,
	"total_wrong" : 1
}