{
	"class_success_rate" : 
	[
		99.895401000976562,
		98.96551513671875,
		99.411766052246094,
		97.845252990722656,
		98.742141723632812,
		99.237472534179688,
		99.199996948242188,
		98.771263122558594,
		99.47589111328125,
		98.331596374511719
	],
	"confusion_matrix" : 
	[
		[
			955,
			0,
			0,
			0,
			0,
			0,
			1,
			0,
			0,
			2
		],
		[
			0,
			1148,
			1,
			0,
			0,
			1,
			0,
			5,
			0,
			1
		],
		[
			0,
			8,
			1014,
			8,
			1,
			0,
			0,
			3,
			0,
			1
		],
		[
			0,
			0,
			2,
			999,
			0,
			0,
			0,
			0,
			0,
			2
		],
		[
			0,
			0,
			0,
			0,
			942,
			0,
			2,
			3,
			0,
			4
		],
		[
			0,
			0,
			0,
			3,
			0,
			911,
			2,
			0,
			1,
			2
		],
		[
			1,
			0,
			0,
			0,
			2,
			5,
			992,
			0,
			1,
			0
		],
		[
			0,
			3,
			1,
			6,
			4,
			0,
			0,
			1045,
			0,
			2
		],
		[
			0,
			1,
			1,
			4,
			1,
			1,
			3,
			0,
			949,
			2
		],
		[
			0,
			0,
			1,
			1,
			4,
			0,
			0,
			2,
			3,
			943
		]
	],
	"succes_result" : 98.980003356933594,
	"total_correct" : 9898,
	"total_wrong" : 102
}