{
	"class_success_rate" : 
	[
		69.400001525878906,
		81.400001525878906,
		56.299999237060547,
		51.099998474121094,
		55.200000762939453,
		64.400001525878906,
		76.599998474121094,
		70,
		83.900001525878906,
		78
	],
	"confusion_matrix" : 
	[
		[
			694,
			17,
			64,
			25,
			23,
			13,
			4,
			21,
			53,
			29
		],
		[
			21,
			814,
			12,
			18,
			5,
			7,
			9,
			6,
			28,
			71
		],
		[
			59,
			5,
			563,
			77,
			83,
			66,
			57,
			41,
			12,
			10
		],
		[
			32,
			12,
			86,
			511,
			99,
			148,
			85,
			55,
			17,
			24
		],
		[
			11,
			9,
			70,
			51,
			552,
			33,
			25,
			50,
			6,
			10
		],
		[
			10,
			6,
			71,
			186,
			52,
			644,
			38,
			91,
			14,
			13
		],
		[
			18,
			15,
			69,
			59,
			63,
			25,
			766,
			12,
			4,
			15
		],
		[
			17,
			3,
			33,
			36,
			102,
			41,
			5,
			700,
			3,
			13
		],
		[
			97,
			45,
			20,
			18,
			19,
			14,
			8,
			9,
			839,
			35
		],
		[
			41,
			74,
			12,
			19,
			2,
			9,
			3,
			15,
			24,
			780
		]
	],
	"succes_result" : 68.629997253417969,
	"total_correct" : 6863,
	"total_wrong" : 3137
}