{
	"class_success_rate" : 
	[
		97.360404968261719,
		98.732940673828125,
		94.840042114257812,
		98.615234375,
		96.376808166503906,
		96.558502197265625,
		96.012588500976562,
		95.883537292480469,
		97.868217468261719,
		98.08612060546875
	],
	"confusion_matrix" : 
	[
		[
			959,
			4,
			7,
			3,
			2,
			4,
			0,
			1,
			2,
			2
		],
		[
			2,
			1013,
			4,
			1,
			0,
			0,
			8,
			0,
			3,
			3
		],
		[
			6,
			0,
			919,
			0,
			3,
			8,
			11,
			2,
			3,
			1
		],
		[
			0,
			2,
			8,
			997,
			11,
			5,
			5,
			9,
			5,
			1
		],
		[
			3,
			0,
			6,
			1,
			931,
			5,
			0,
			6,
			0,
			3
		],
		[
			1,
			1,
			10,
			2,
			3,
			982,
			6,
			13,
			3,
			1
		],
		[
			0,
			1,
			7,
			2,
			7,
			2,
			915,
			2,
			2,
			3
		],
		[
			4,
			0,
			5,
			2,
			3,
			10,
			2,
			955,
			1,
			3
		],
		[
			7,
			4,
			2,
			2,
			5,
			0,
			3,
			4,
			1010,
			3
		],
		[
			3,
			1,
			1,
			1,
			1,
			1,
			3,
			4,
			3,
			1025
		]
	],
	"succes_result" : 97.05999755859375,
	"total_correct" : 9706,
	"total_wrong" : 294
}