{
	"class_success_rate" : 
	[
		95.400001525878906,
		98.400001525878906,
		95.699996948242188,
		95.699996948242188,
		96.699996948242188,
		96.599998474121094,
		95.900001525878906,
		93.900001525878906,
		97.5,
		96.400001525878906
	],
	"confusion_matrix" : 
	[
		[
			954,
			1,
			3,
			1,
			4,
			4,
			2,
			4,
			5,
			3
		],
		[
			2,
			984,
			4,
			1,
			1,
			2,
			1,
			2,
			4,
			3
		],
		[
			6,
			3,
			957,
			7,
			7,
			4,
			11,
			10,
			4,
			4
		],
		[
			10,
			1,
			7,
			957,
			6,
			2,
			15,
			14,
			3,
			6
		],
		[
			1,
			0,
			6,
			3,
			967,
			5,
			1,
			6,
			1,
			6
		],
		[
			3,
			0,
			7,
			11,
			2,
			966,
			6,
			15,
			3,
			3
		],
		[
			5,
			1,
			6,
			6,
			4,
			8,
			959,
			2,
			0,
			0
		],
		[
			6,
			1,
			5,
			7,
			6,
			3,
			1,
			939,
			2,
			6
		],
		[
			5,
			3,
			3,
			5,
			2,
			4,
			4,
			4,
			975,
			5
		],
		[
			8,
			6,
			2,
			2,
			1,
			2,
			0,
			4,
			3,
			964
		]
	],
	"succes_result" : 96.220001220703125,
	"total_correct" : 9622,
	"total_wrong" : 378
}