{
	"class_success_rate" : 
	[
		76.1866455078125,
		84.8846435546875
	],
	"confusion_matrix" : 
	[
		[
			3788,
			760
		],
		[
			1184,
			4268
		]
	],
	"succes_result" : 80.55999755859375,
	"total_correct" : 8056,
	"total_wrong" : 1944
}