{
	"class_success_rate" : 
	[
		98.571426391601562,
		97.004402160644531,
		90.019378662109375,
		91.287132263183594,
		92.46435546875,
		88.565025329589844,
		94.885177612304688,
		87.645912170410156,
		95.277206420898438,
		91.476707458496094
	],
	"confusion_matrix" : 
	[
		[
			966,
			0,
			13,
			5,
			0,
			10,
			14,
			6,
			12,
			9
		],
		[
			0,
			1101,
			10,
			0,
			4,
			2,
			1,
			19,
			1,
			4
		],
		[
			1,
			5,
			929,
			20,
			3,
			1,
			2,
			16,
			5,
			1
		],
		[
			1,
			2,
			16,
			922,
			0,
			29,
			0,
			4,
			5,
			7
		],
		[
			1,
			3,
			10,
			1,
			908,
			4,
			2,
			10,
			5,
			29
		],
		[
			0,
			0,
			1,
			13,
			0,
			790,
			12,
			2,
			4,
			2
		],
		[
			4,
			5,
			9,
			4,
			8,
			21,
			909,
			1,
			6,
			0
		],
		[
			0,
			0,
			7,
			16,
			1,
			6,
			0,
			901,
			2,
			16
		],
		[
			7,
			19,
			35,
			25,
			6,
			21,
			18,
			7,
			928,
			18
		],
		[
			0,
			0,
			2,
			4,
			52,
			8,
			0,
			62,
			6,
			923
		]
	],
	"succes_result" : 92.769996643066406,
	"total_correct" : 9277,
	"total_wrong" : 723
}