{
	"class_success_rate" : 
	[
		99.897956848144531,
		99.471366882324219,
		99.321708679199219,
		99.009902954101562,
		99.796333312988281,
		98.5426025390625,
		99.791229248046875,
		98.735404968261719,
		99.691993713378906,
		99.108024597167969
	],
	"confusion_matrix" : 
	[
		[
			979,
			0,
			0,
			0,
			0,
			3,
			0,
			1,
			2,
			2
		],
		[
			0,
			1129,
			0,
			0,
			0,
			0,
			0,
			5,
			0,
			0
		],
		[
			1,
			1,
			1025,
			2,
			0,
			0,
			0,
			4,
			0,
			1
		],
		[
			0,
			1,
			0,
			1000,
			0,
			1,
			0,
			1,
			0,
			1
		],
		[
			0,
			1,
			2,
			0,
			980,
			0,
			0,
			1,
			1,
			5
		],
		[
			0,
			0,
			0,
			2,
			0,
			879,
			1,
			0,
			0,
			0
		],
		[
			0,
			1,
			2,
			0,
			1,
			7,
			956,
			0,
			0,
			0
		],
		[
			0,
			0,
			1,
			6,
			0,
			1,
			0,
			1015,
			0,
			0
		],
		[
			0,
			2,
			1,
			0,
			1,
			1,
			1,
			1,
			971,
			0
		],
		[
			0,
			0,
			1,
			0,
			0,
			0,
			0,
			0,
			0,
			1000
		]
	],
	"succes_result" : 99.339996337890625,
	"total_correct" : 9934,
	"total_wrong" : 66
}