{
	"class_success_rate" : 
	[
		96.55511474609375,
		95.508979797363281,
		90.643272399902344,
		91.614906311035156,
		93.480438232421875,
		89.180992126464844,
		94.809013366699219,
		89.010986328125,
		94.905097961425781,
		92.456680297851562
	],
	"confusion_matrix" : 
	[
		[
			981,
			0,
			9,
			10,
			1,
			7,
			12,
			11,
			8,
			6
		],
		[
			1,
			957,
			17,
			3,
			5,
			6,
			2,
			8,
			1,
			0
		],
		[
			2,
			10,
			930,
			24,
			2,
			1,
			0,
			7,
			15,
			3
		],
		[
			0,
			1,
			16,
			885,
			0,
			27,
			0,
			2,
			6,
			6
		],
		[
			3,
			4,
			6,
			1,
			932,
			2,
			3,
			8,
			3,
			19
		],
		[
			0,
			2,
			1,
			3,
			0,
			882,
			21,
			2,
			0,
			2
		],
		[
			7,
			10,
			9,
			0,
			7,
			24,
			968,
			0,
			4,
			0
		],
		[
			0,
			3,
			8,
			7,
			0,
			5,
			0,
			891,
			0,
			19
		],
		[
			20,
			13,
			28,
			27,
			9,
			24,
			15,
			12,
			950,
			19
		],
		[
			2,
			2,
			2,
			6,
			41,
			11,
			0,
			60,
			14,
			907
		]
	],
	"succes_result" : 92.830001831054688,
	"total_correct" : 9283,
	"total_wrong" : 717
}