{
	"class_success_rate" : 
	[
		97.094184875488281,
		96.859664916992188,
		83.18670654296875,
		86.103012084960938,
		93.564353942871094,
		85.773193359375,
		95.219512939453125,
		89.468406677246094,
		86.093421936035156,
		85.916923522949219
	],
	"confusion_matrix" : 
	[
		[
			969,
			0,
			19,
			13,
			1,
			15,
			12,
			9,
			16,
			9
		],
		[
			1,
			987,
			38,
			15,
			4,
			9,
			3,
			20,
			26,
			0
		],
		[
			3,
			5,
			851,
			21,
			1,
			3,
			0,
			9,
			13,
			0
		],
		[
			0,
			1,
			9,
			886,
			0,
			35,
			1,
			2,
			10,
			13
		],
		[
			2,
			2,
			16,
			4,
			945,
			4,
			3,
			11,
			21,
			48
		],
		[
			2,
			5,
			4,
			30,
			4,
			832,
			22,
			0,
			23,
			5
		],
		[
			7,
			0,
			20,
			5,
			4,
			34,
			976,
			1,
			11,
			1
		],
		[
			2,
			2,
			18,
			25,
			1,
			10,
			1,
			892,
			2,
			55
		],
		[
			12,
			17,
			45,
			20,
			8,
			19,
			7,
			5,
			811,
			8
		],
		[
			0,
			0,
			3,
			10,
			42,
			9,
			0,
			48,
			9,
			848
		]
	],
	"succes_result" : 89.970001220703125,
	"total_correct" : 8997,
	"total_wrong" : 1003
}