{
	"class_success_rate" : 
	[
		99.897956848144531,
		99.735679626464844,
		98.352714538574219,
		98.31683349609375,
		99.796333312988281,
		98.654708862304688,
		99.478080749511719,
		98.929962158203125,
		99.28131103515625,
		98.711593627929688
	],
	"confusion_matrix" : 
	[
		[
			979,
			0,
			1,
			2,
			0,
			2,
			2,
			1,
			3,
			1
		],
		[
			0,
			1132,
			4,
			0,
			0,
			0,
			1,
			3,
			0,
			0
		],
		[
			1,
			0,
			1015,
			1,
			0,
			0,
			0,
			3,
			1,
			0
		],
		[
			0,
			1,
			0,
			993,
			0,
			1,
			0,
			1,
			1,
			3
		],
		[
			0,
			0,
			6,
			0,
			980,
			0,
			1,
			0,
			1,
			4
		],
		[
			0,
			0,
			0,
			3,
			0,
			880,
			1,
			0,
			0,
			3
		],
		[
			0,
			0,
			2,
			1,
			1,
			7,
			953,
			0,
			0,
			0
		],
		[
			0,
			1,
			4,
			8,
			0,
			0,
			0,
			1017,
			1,
			1
		],
		[
			0,
			1,
			0,
			2,
			1,
			2,
			0,
			2,
			967,
			1
		],
		[
			0,
			0,
			0,
			0,
			0,
			0,
			0,
			1,
			0,
			996
		]
	],
	"succes_result" : 99.120002746582031,
	"total_correct" : 9912,
	"total_wrong" : 88
}