{
	"class_success_rate" : 
	[
		99.897956848144531,
		99.911895751953125,
		99.5155029296875,
		99.108909606933594,
		99.898170471191406,
		99.551567077636719,
		99.686843872070312,
		99.513618469238281,
		99.28131103515625,
		97.621406555175781
	],
	"confusion_matrix" : 
	[
		[
			979,
			0,
			0,
			0,
			0,
			1,
			1,
			0,
			3,
			6
		],
		[
			0,
			1134,
			2,
			0,
			0,
			0,
			1,
			3,
			0,
			2
		],
		[
			0,
			0,
			1027,
			2,
			0,
			0,
			0,
			1,
			1,
			0
		],
		[
			0,
			1,
			0,
			1001,
			0,
			0,
			0,
			1,
			1,
			7
		],
		[
			0,
			0,
			1,
			0,
			981,
			0,
			0,
			0,
			1,
			3
		],
		[
			1,
			0,
			1,
			1,
			0,
			888,
			1,
			0,
			0,
			4
		],
		[
			0,
			0,
			0,
			0,
			0,
			3,
			955,
			0,
			0,
			0
		],
		[
			0,
			0,
			1,
			6,
			0,
			0,
			0,
			1023,
			0,
			1
		],
		[
			0,
			0,
			0,
			0,
			0,
			0,
			0,
			0,
			967,
			1
		],
		[
			0,
			0,
			0,
			0,
			1,
			0,
			0,
			0,
			1,
			985
		]
	],
	"succes_result" : 99.400001525878906,
	"total_correct" : 9940,
	"total_wrong" : 60
}