{
	"class_success_rate" : 
	[
		98.877548217773438,
		98.502204895019531,
		90.406974792480469,
		92.376235961914062,
		93.788185119628906,
		91.367713928222656,
		94.780792236328125,
		89.591438293457031,
		90.657081604003906,
		86.719520568847656
	],
	"confusion_matrix" : 
	[
		[
			969,
			0,
			10,
			4,
			2,
			9,
			10,
			5,
			25,
			15
		],
		[
			0,
			1118,
			20,
			3,
			8,
			4,
			3,
			23,
			3,
			9
		],
		[
			0,
			6,
			933,
			18,
			2,
			0,
			4,
			16,
			12,
			1
		],
		[
			0,
			1,
			17,
			933,
			0,
			29,
			0,
			6,
			3,
			20
		],
		[
			0,
			2,
			6,
			0,
			921,
			0,
			4,
			11,
			14,
			44
		],
		[
			1,
			0,
			2,
			15,
			2,
			815,
			25,
			3,
			8,
			10
		],
		[
			3,
			5,
			7,
			1,
			7,
			18,
			908,
			0,
			9,
			0
		],
		[
			1,
			0,
			18,
			16,
			0,
			6,
			0,
			921,
			8,
			32
		],
		[
			6,
			3,
			19,
			15,
			1,
			7,
			4,
			2,
			883,
			3
		],
		[
			0,
			0,
			0,
			5,
			39,
			4,
			0,
			41,
			9,
			875
		]
	],
	"succes_result" : 92.760002136230469,
	"total_correct" : 9276,
	"total_wrong" : 724
}