{
	"class_success_rate" : 
	[
		99.800399780273438,
		99.795707702636719,
		99.591423034667969,
		98.270271301269531,
		99.9053955078125,
		99.117645263671875,
		99.693878173828125,
		99.608230590820312,
		98.526519775390625,
		99.116783142089844
	],
	"confusion_matrix" : 
	[
		[
			1000,
			0,
			0,
			1,
			0,
			0,
			1,
			0,
			3,
			2
		],
		[
			0,
			977,
			1,
			0,
			0,
			0,
			0,
			1,
			1,
			0
		],
		[
			0,
			1,
			975,
			2,
			0,
			1,
			0,
			1,
			5,
			1
		],
		[
			0,
			0,
			0,
			909,
			0,
			1,
			0,
			0,
			0,
			2
		],
		[
			0,
			1,
			0,
			0,
			1056,
			0,
			0,
			2,
			3,
			3
		],
		[
			1,
			0,
			2,
			0,
			0,
			1011,
			2,
			0,
			1,
			0
		],
		[
			0,
			0,
			0,
			1,
			0,
			5,
			977,
			0,
			1,
			0
		],
		[
			0,
			0,
			1,
			6,
			0,
			0,
			0,
			1017,
			0,
			0
		],
		[
			0,
			0,
			0,
			1,
			0,
			1,
			0,
			0,
			1003,
			1
		],
		[
			1,
			0,
			0,
			5,
			1,
			1,
			0,
			0,
			1,
			1010
		]
	],
	"succes_result" : 99.349998474121094,
	"total_correct" : 9935,
	"total_wrong" : 65
}