{
	"class_success_rate" : 
	[
		99.799598693847656,
		99.705596923828125,
		98.142715454101562,
		97.473274230957031,
		99.801979064941406,
		98.144332885742188,
		99.512191772460938,
		99.598793029785156,
		98.832275390625,
		98.480239868164062
	],
	"confusion_matrix" : 
	[
		[
			996,
			0,
			3,
			2,
			0,
			0,
			0,
			0,
			3,
			2
		],
		[
			0,
			1016,
			2,
			1,
			0,
			1,
			0,
			0,
			2,
			0
		],
		[
			0,
			1,
			1004,
			3,
			0,
			0,
			0,
			1,
			1,
			0
		],
		[
			0,
			0,
			0,
			1003,
			0,
			0,
			0,
			0,
			0,
			4
		],
		[
			1,
			1,
			5,
			2,
			1008,
			1,
			0,
			1,
			3,
			3
		],
		[
			0,
			0,
			2,
			1,
			0,
			952,
			4,
			0,
			0,
			2
		],
		[
			0,
			0,
			4,
			1,
			0,
			6,
			1020,
			1,
			2,
			0
		],
		[
			0,
			1,
			1,
			5,
			0,
			2,
			0,
			993,
			0,
			1
		],
		[
			1,
			0,
			0,
			6,
			1,
			6,
			1,
			0,
			931,
			3
		],
		[
			0,
			0,
			2,
			5,
			1,
			2,
			0,
			1,
			0,
			972
		]
	],
	"succes_result" : 98.949996948242188,
	"total_correct" : 9895,
	"total_wrong" : 105
}