{
	"class_success_rate" : 
	[
		99.901573181152344,
		99.500999450683594,
		99.415206909179688,
		98.964805603027344,
		99.899696350097656,
		99.089988708496094,
		99.902053833007812,
		99.700302124023438,
		99.60040283203125,
		99.592254638671875
	],
	"confusion_matrix" : 
	[
		[
			1015,
			0,
			0,
			1,
			0,
			0,
			0,
			0,
			0,
			1
		],
		[
			1,
			997,
			1,
			0,
			0,
			2,
			1,
			0,
			0,
			0
		],
		[
			0,
			2,
			1020,
			2,
			0,
			0,
			0,
			0,
			1,
			0
		],
		[
			0,
			0,
			0,
			956,
			0,
			2,
			0,
			0,
			0,
			0
		],
		[
			0,
			1,
			2,
			0,
			996,
			0,
			0,
			0,
			2,
			1
		],
		[
			0,
			1,
			0,
			0,
			0,
			980,
			0,
			0,
			0,
			0
		],
		[
			0,
			1,
			1,
			0,
			0,
			2,
			1020,
			0,
			0,
			0
		],
		[
			0,
			0,
			0,
			2,
			0,
			0,
			0,
			998,
			0,
			1
		],
		[
			0,
			0,
			1,
			2,
			0,
			1,
			0,
			3,
			997,
			1
		],
		[
			0,
			0,
			1,
			3,
			1,
			2,
			0,
			0,
			1,
			977
		]
	],
	"succes_result" : 99.55999755859375,
	"total_correct" : 9956,
	"total_wrong" : 44
}