{
	"class_success_rate" : 
	[
		96.307388305664062,
		98.365676879882812,
		90.80694580078125,
		88.648651123046875,
		93.188270568847656,
		92.941177368164062,
		94.897956848144531,
		90.49951171875,
		89.783889770507812,
		87.733070373535156
	],
	"confusion_matrix" : 
	[
		[
			965,
			0,
			16,
			4,
			2,
			8,
			10,
			10,
			26,
			12
		],
		[
			0,
			963,
			23,
			13,
			8,
			4,
			3,
			14,
			6,
			1
		],
		[
			1,
			6,
			889,
			20,
			3,
			3,
			3,
			8,
			15,
			2
		],
		[
			1,
			0,
			3,
			820,
			0,
			21,
			0,
			5,
			4,
			12
		],
		[
			1,
			2,
			5,
			2,
			985,
			2,
			1,
			11,
			18,
			57
		],
		[
			3,
			3,
			5,
			27,
			4,
			948,
			26,
			1,
			10,
			2
		],
		[
			8,
			2,
			12,
			5,
			6,
			21,
			930,
			0,
			7,
			1
		],
		[
			0,
			1,
			12,
			17,
			2,
			3,
			1,
			924,
			1,
			33
		],
		[
			21,
			2,
			14,
			12,
			2,
			6,
			4,
			6,
			914,
			5
		],
		[
			2,
			0,
			0,
			5,
			45,
			4,
			2,
			42,
			17,
			894
		]
	],
	"succes_result" : 92.319999694824219,
	"total_correct" : 9232,
	"total_wrong" : 768
}