{
	"class_success_rate" : 
	[
		98.265304565429688,
		96.47576904296875,
		85.077522277832031,
		88.910888671875,
		93.686355590820312,
		88.116592407226562,
		93.945716857910156,
		88.813232421875,
		86.755645751953125,
		86.521308898925781
	],
	"confusion_matrix" : 
	[
		[
			963,
			0,
			18,
			8,
			2,
			10,
			16,
			6,
			20,
			12
		],
		[
			0,
			1095,
			32,
			3,
			12,
			2,
			3,
			22,
			10,
			6
		],
		[
			2,
			3,
			878,
			17,
			2,
			1,
			7,
			15,
			10,
			2
		],
		[
			1,
			1,
			12,
			898,
			1,
			22,
			0,
			6,
			9,
			12
		],
		[
			1,
			3,
			14,
			1,
			920,
			6,
			7,
			12,
			26,
			56
		],
		[
			1,
			3,
			0,
			31,
			0,
			786,
			18,
			1,
			18,
			5
		],
		[
			5,
			5,
			14,
			6,
			7,
			25,
			900,
			1,
			13,
			3
		],
		[
			2,
			1,
			21,
			24,
			0,
			11,
			0,
			913,
			8,
			35
		],
		[
			5,
			24,
			43,
			16,
			7,
			21,
			7,
			7,
			845,
			5
		],
		[
			0,
			0,
			0,
			6,
			31,
			8,
			0,
			45,
			15,
			873
		]
	],
	"succes_result" : 90.709999084472656,
	"total_correct" : 9071,
	"total_wrong" : 929
}