{
	"class_success_rate" : 
	[
		99.393325805664062,
		98.784194946289062,
		99.19110107421875,
		97.253303527832031,
		98.519248962402344,
		98.844535827636719,
		98.92578125,
		97.570846557617188,
		97.264152526855469,
		96.650245666503906
	],
	"confusion_matrix" : 
	[
		[
			983,
			0,
			1,
			0,
			1,
			3,
			3,
			0,
			6,
			3
		],
		[
			1,
			975,
			0,
			0,
			1,
			0,
			2,
			2,
			3,
			1
		],
		[
			1,
			8,
			981,
			6,
			0,
			0,
			0,
			7,
			1,
			0
		],
		[
			0,
			0,
			1,
			956,
			0,
			2,
			0,
			6,
			2,
			4
		],
		[
			0,
			2,
			0,
			0,
			998,
			0,
			0,
			1,
			2,
			10
		],
		[
			0,
			0,
			1,
			6,
			0,
			941,
			3,
			0,
			4,
			3
		],
		[
			2,
			0,
			0,
			0,
			3,
			3,
			1013,
			0,
			3,
			0
		],
		[
			0,
			0,
			3,
			5,
			1,
			0,
			0,
			964,
			5,
			12
		],
		[
			1,
			1,
			2,
			6,
			0,
			1,
			3,
			0,
			1031,
			1
		],
		[
			1,
			1,
			0,
			4,
			9,
			2,
			0,
			8,
			3,
			981
		]
	],
	"succes_result" : 98.230003356933594,
	"total_correct" : 9823,
	"total_wrong" : 177
}