{
	"class_success_rate" : 
	[
		99.591835021972656,
		99.295150756835938,
		99.321708679199219,
		97.920791625976562,
		97.759674072265625,
		98.5426025390625,
		98.64300537109375,
		97.373542785644531,
		98.254623413085938,
		96.630325317382812
	],
	"confusion_matrix" : 
	[
		[
			976,
			0,
			1,
			0,
			1,
			2,
			5,
			1,
			2,
			3
		],
		[
			0,
			1127,
			0,
			0,
			0,
			0,
			2,
			2,
			0,
			5
		],
		[
			0,
			1,
			1025,
			3,
			2,
			1,
			1,
			11,
			1,
			0
		],
		[
			0,
			5,
			0,
			989,
			0,
			4,
			0,
			6,
			3,
			3
		],
		[
			0,
			0,
			1,
			0,
			960,
			0,
			1,
			0,
			2,
			9
		],
		[
			1,
			0,
			0,
			3,
			0,
			879,
			3,
			0,
			2,
			3
		],
		[
			1,
			1,
			0,
			0,
			5,
			4,
			945,
			0,
			0,
			0
		],
		[
			1,
			1,
			4,
			7,
			1,
			1,
			0,
			1001,
			4,
			10
		],
		[
			1,
			0,
			1,
			7,
			0,
			0,
			1,
			2,
			957,
			1
		],
		[
			0,
			0,
			0,
			1,
			13,
			1,
			0,
			5,
			3,
			975
		]
	],
	"succes_result" : 98.339996337890625,
	"total_correct" : 9834,
	"total_wrong" : 166
}