{
	"class_success_rate" : 
	[
		99.693878173828125,
		99.383262634277344,
		99.709304809570312,
		99.405937194824219,
		98.981666564941406,
		99.215248107910156,
		98.851776123046875,
		99.416343688964844,
		99.28131103515625,
		98.810707092285156
	],
	"confusion_matrix" : 
	[
		[
			977,
			0,
			1,
			0,
			0,
			1,
			4,
			0,
			1,
			0
		],
		[
			0,
			1128,
			0,
			0,
			0,
			0,
			3,
			2,
			0,
			0
		],
		[
			0,
			2,
			1029,
			1,
			1,
			0,
			0,
			2,
			2,
			0
		],
		[
			0,
			1,
			0,
			1004,
			0,
			4,
			0,
			0,
			1,
			0
		],
		[
			0,
			0,
			0,
			0,
			972,
			0,
			0,
			0,
			0,
			4
		],
		[
			0,
			2,
			0,
			3,
			0,
			885,
			1,
			0,
			1,
			2
		],
		[
			2,
			0,
			1,
			0,
			4,
			1,
			947,
			0,
			0,
			0
		],
		[
			1,
			2,
			1,
			1,
			0,
			1,
			0,
			1022,
			0,
			6
		],
		[
			0,
			0,
			0,
			1,
			0,
			0,
			3,
			0,
			967,
			0
		],
		[
			0,
			0,
			0,
			0,
			5,
			0,
			0,
			2,
			2,
			997
		]
	],
	"succes_result" : 99.279998779296875,
	"total_correct" : 9928,
	"total_wrong" : 72
}