{
	"class_success_rate" : 
	[
		99.897117614746094,
		99.224807739257812,
		99.38775634765625,
		98.699996948242188,
		98.869476318359375,
		99.299301147460938,
		99.791885375976562,
		99.521987915039062,
		99.308303833007812,
		99.414634704589844
	],
	"confusion_matrix" : 
	[
		[
			971,
			0,
			1,
			1,
			0,
			0,
			0,
			0,
			0,
			0
		],
		[
			0,
			1024,
			0,
			0,
			2,
			0,
			0,
			1,
			0,
			0
		],
		[
			0,
			3,
			974,
			6,
			2,
			0,
			0,
			0,
			2,
			0
		],
		[
			0,
			0,
			0,
			987,
			0,
			1,
			0,
			1,
			1,
			0
		],
		[
			0,
			1,
			0,
			0,
			962,
			0,
			1,
			1,
			0,
			2
		],
		[
			0,
			0,
			0,
			1,
			0,
			992,
			1,
			0,
			1,
			1
		],
		[
			1,
			0,
			0,
			0,
			1,
			5,
			959,
			0,
			1,
			0
		],
		[
			0,
			4,
			3,
			3,
			2,
			0,
			0,
			1041,
			0,
			3
		],
		[
			0,
			0,
			0,
			1,
			0,
			1,
			0,
			0,
			1005,
			0
		],
		[
			0,
			0,
			2,
			1,
			4,
			0,
			0,
			2,
			2,
			1019
		]
	],
	"succes_result" : 99.339996337890625,
	"total_correct" : 9934,
	"total_wrong" : 66
}