{
	"class_success_rate" : 
	[
		71.878173828125,
		86.84210205078125,
		59.442726135253906,
		52.917903900146484,
		62.629398345947266,
		64.700096130371094,
		76.70513916015625,
		73.393577575683594,
		85.755813598632812,
		81.531097412109375
	],
	"confusion_matrix" : 
	[
		[
			708,
			23,
			54,
			24,
			21,
			15,
			1,
			17,
			35,
			29
		],
		[
			26,
			891,
			12,
			5,
			8,
			1,
			9,
			2,
			24,
			58
		],
		[
			48,
			2,
			576,
			72,
			63,
			75,
			54,
			35,
			14,
			9
		],
		[
			19,
			9,
			71,
			535,
			78,
			142,
			71,
			54,
			25,
			13
		],
		[
			16,
			3,
			43,
			40,
			605,
			27,
			28,
			40,
			3,
			9
		],
		[
			8,
			7,
			84,
			216,
			45,
			658,
			39,
			84,
			9,
			16
		],
		[
			8,
			8,
			64,
			50,
			55,
			28,
			731,
			5,
			13,
			15
		],
		[
			13,
			2,
			33,
			35,
			64,
			53,
			4,
			731,
			5,
			11
		],
		[
			106,
			32,
			18,
			15,
			21,
			10,
			8,
			14,
			885,
			33
		],
		[
			33,
			49,
			14,
			19,
			6,
			8,
			8,
			14,
			19,
			852
		]
	],
	"succes_result" : 71.720001220703125,
	"total_correct" : 7172,
	"total_wrong" : 2828
}