{
	"class_success_rate" : 
	[
		99.591835021972656,
		99.471366882324219,
		99.612403869628906,
		98.514854431152344,
		99.083503723144531,
		99.215248107910156,
		98.329856872558594,
		99.027236938476562,
		99.28131103515625,
		97.819625854492188
	],
	"confusion_matrix" : 
	[
		[
			976,
			0,
			1,
			0,
			1,
			1,
			6,
			0,
			1,
			1
		],
		[
			1,
			1129,
			0,
			0,
			0,
			0,
			3,
			3,
			0,
			0
		],
		[
			1,
			3,
			1028,
			1,
			0,
			0,
			0,
			6,
			1,
			1
		],
		[
			0,
			0,
			0,
			995,
			0,
			4,
			0,
			0,
			0,
			1
		],
		[
			0,
			0,
			0,
			0,
			973,
			0,
			1,
			0,
			2,
			7
		],
		[
			0,
			1,
			0,
			4,
			0,
			885,
			2,
			0,
			1,
			5
		],
		[
			0,
			0,
			1,
			0,
			1,
			1,
			942,
			0,
			0,
			0
		],
		[
			1,
			1,
			1,
			6,
			1,
			1,
			0,
			1018,
			0,
			6
		],
		[
			1,
			1,
			1,
			3,
			0,
			0,
			4,
			1,
			967,
			1
		],
		[
			0,
			0,
			0,
			1,
			6,
			0,
			0,
			0,
			2,
			987
		]
	],
	"succes_result" : 99,
	"total_correct" : 9900,
	"total_wrong" : 100
}