{
	"class_success_rate" : 
	[
		94.071144104003906,
		99.170127868652344,
		98.986831665039062,
		98.907646179199219,
		99.511238098144531,
		99.273857116699219,
		99.410026550292969,
		99.322364807128906
	],
	"confusion_matrix" : 
	[
		[
			952,
			2,
			1,
			2,
			0,
			0,
			0,
			0
		],
		[
			23,
			956,
			8,
			1,
			0,
			1,
			0,
			0
		],
		[
			8,
			2,
			977,
			5,
			0,
			0,
			0,
			0
		],
		[
			2,
			0,
			1,
			996,
			1,
			0,
			0,
			1
		],
		[
			6,
			0,
			0,
			3,
			1018,
			6,
			0,
			2
		],
		[
			10,
			2,
			0,
			0,
			2,
			957,
			5,
			0
		],
		[
			3,
			1,
			0,
			0,
			0,
			0,
			1011,
			4
		],
		[
			8,
			1,
			0,
			0,
			2,
			0,
			1,
			1026
		]
	],
	"succes_result" : 98.576248168945312,
	"total_correct" : 7893,
	"total_wrong" : 114
}