{
	"class_success_rate" : 
	[
		95.920394897460938,
		99.791450500488281,
		99.1253662109375,
		99.32366943359375,
		99.308982849121094,
		99.797775268554688,
		99.4871826171875,
		99.592666625976562
	],
	"confusion_matrix" : 
	[
		[
			964,
			1,
			1,
			3,
			1,
			0,
			1,
			1
		],
		[
			15,
			957,
			3,
			0,
			0,
			0,
			1,
			0
		],
		[
			3,
			1,
			1020,
			1,
			1,
			0,
			0,
			0
		],
		[
			3,
			0,
			3,
			1028,
			2,
			0,
			0,
			0
		],
		[
			7,
			0,
			0,
			2,
			1006,
			0,
			0,
			0
		],
		[
			4,
			0,
			1,
			1,
			2,
			987,
			2,
			1
		],
		[
			4,
			0,
			1,
			0,
			0,
			1,
			970,
			2
		],
		[
			5,
			0,
			0,
			0,
			1,
			1,
			1,
			978
		]
	],
	"succes_result" : 99.035934448242188,
	"total_correct" : 7910,
	"total_wrong" : 77
}