{
	"class_success_rate" : 
	[
		91.104293823242188,
		96.81591796875,
		97.914596557617188,
		96.593185424804688,
		97.202072143554688,
		98.224853515625,
		97.768760681152344,
		98.341461181640625
	],
	"confusion_matrix" : 
	[
		[
			891,
			19,
			3,
			5,
			4,
			1,
			2,
			5
		],
		[
			36,
			973,
			8,
			4,
			0,
			0,
			4,
			1
		],
		[
			3,
			9,
			986,
			7,
			2,
			1,
			4,
			0
		],
		[
			9,
			1,
			5,
			964,
			9,
			1,
			0,
			1
		],
		[
			10,
			2,
			0,
			13,
			938,
			7,
			0,
			2
		],
		[
			10,
			0,
			3,
			1,
			10,
			996,
			6,
			1
		],
		[
			8,
			1,
			1,
			2,
			1,
			5,
			964,
			7
		],
		[
			11,
			0,
			1,
			2,
			1,
			3,
			6,
			1008
		]
	],
	"succes_result" : 96.766105651855469,
	"total_correct" : 7720,
	"total_wrong" : 258
}