{
	"class_success_rate" : 
	[
		99.1820068359375,
		100,
		100,
		100,
		100,
		100,
		99.898582458496094,
		100
	],
	"confusion_matrix" : 
	[
		[
			970,
			0,
			0,
			0,
			0,
			0,
			0,
			0
		],
		[
			5,
			1005,
			0,
			0,
			0,
			0,
			0,
			0
		],
		[
			0,
			0,
			1007,
			0,
			0,
			0,
			0,
			0
		],
		[
			0,
			0,
			0,
			998,
			0,
			0,
			0,
			0
		],
		[
			1,
			0,
			0,
			0,
			965,
			0,
			0,
			0
		],
		[
			0,
			0,
			0,
			0,
			0,
			1014,
			1,
			0
		],
		[
			1,
			0,
			0,
			0,
			0,
			0,
			985,
			0
		],
		[
			1,
			0,
			0,
			0,
			0,
			0,
			0,
			1025
		]
	],
	"succes_result" : 99.887191772460938,
	"total_correct" : 7969,
	"total_wrong" : 9
}