{
	"class_success_rate" : 
	[
		93.633689880371094,
		99.376296997070312,
		99.2039794921875,
		99.694190979003906,
		99.423629760742188,
		99.284255981445312,
		99.504463195800781,
		99.603958129882812
	],
	"confusion_matrix" : 
	[
		[
			956,
			3,
			2,
			0,
			4,
			1,
			0,
			3
		],
		[
			26,
			956,
			4,
			0,
			0,
			0,
			0,
			0
		],
		[
			5,
			1,
			997,
			1,
			0,
			0,
			1,
			0
		],
		[
			8,
			0,
			1,
			978,
			1,
			0,
			0,
			0
		],
		[
			5,
			0,
			0,
			1,
			1035,
			3,
			0,
			0
		],
		[
			8,
			0,
			1,
			0,
			0,
			971,
			3,
			0
		],
		[
			8,
			1,
			0,
			0,
			1,
			3,
			1004,
			1
		],
		[
			5,
			1,
			0,
			1,
			0,
			0,
			1,
			1006
		]
	],
	"succes_result" : 98.701133728027344,
	"total_correct" : 7903,
	"total_wrong" : 104
}