{
	"class_success_rate" : 
	[
		98.909812927246094,
		100,
		99.799598693847656,
		100,
		99.896903991699219,
		100,
		99.896591186523438,
		100
	],
	"confusion_matrix" : 
	[
		[
			998,
			0,
			0,
			0,
			0,
			0,
			0,
			0
		],
		[
			5,
			991,
			1,
			0,
			0,
			0,
			0,
			0
		],
		[
			0,
			0,
			996,
			0,
			0,
			0,
			0,
			0
		],
		[
			0,
			0,
			0,
			1022,
			1,
			0,
			0,
			0
		],
		[
			0,
			0,
			0,
			0,
			969,
			0,
			0,
			0
		],
		[
			3,
			0,
			0,
			0,
			0,
			1025,
			0,
			0
		],
		[
			0,
			0,
			0,
			0,
			0,
			0,
			966,
			0
		],
		[
			3,
			0,
			1,
			0,
			0,
			0,
			1,
			996
		]
	],
	"succes_result" : 99.811981201171875,
	"total_correct" : 7963,
	"total_wrong" : 15
}