{
	"class_success_rate" : 
	[
		89.197227478027344,
		96.569122314453125,
		97.695388793945312,
		97.74951171875,
		97.835052490234375,
		97.658538818359375,
		97.724922180175781,
		97.590362548828125
	],
	"confusion_matrix" : 
	[
		[
			900,
			19,
			2,
			3,
			0,
			2,
			4,
			5
		],
		[
			43,
			957,
			5,
			4,
			4,
			1,
			1,
			2
		],
		[
			10,
			4,
			975,
			5,
			2,
			3,
			4,
			2
		],
		[
			8,
			0,
			8,
			999,
			9,
			1,
			0,
			1
		],
		[
			13,
			2,
			1,
			7,
			949,
			7,
			3,
			1
		],
		[
			12,
			3,
			2,
			1,
			6,
			1001,
			1,
			5
		],
		[
			11,
			3,
			0,
			3,
			0,
			9,
			945,
			8
		],
		[
			12,
			3,
			5,
			0,
			0,
			1,
			9,
			972
		]
	],
	"succes_result" : 96.490348815917969,
	"total_correct" : 7698,
	"total_wrong" : 280
}