{
	"class_success_rate" : 
	[
		96.683418273925781,
		99.186164855957031,
		99.401199340820312,
		99.32562255859375,
		99.597587585449219,
		99.410026550292969,
		99.383979797363281,
		99.89837646484375
	],
	"confusion_matrix" : 
	[
		[
			962,
			3,
			6,
			3,
			2,
			2,
			1,
			0
		],
		[
			18,
			975,
			0,
			1,
			0,
			0,
			0,
			0
		],
		[
			3,
			4,
			996,
			0,
			1,
			0,
			1,
			0
		],
		[
			4,
			0,
			0,
			1031,
			0,
			0,
			0,
			0
		],
		[
			2,
			0,
			0,
			3,
			990,
			1,
			0,
			0
		],
		[
			4,
			0,
			0,
			0,
			1,
			1011,
			0,
			0
		],
		[
			2,
			0,
			0,
			0,
			0,
			3,
			968,
			1
		],
		[
			0,
			1,
			0,
			0,
			0,
			0,
			4,
			983
		]
	],
	"succes_result" : 99.111053466796875,
	"total_correct" : 7916,
	"total_wrong" : 71
}