{
	"class_success_rate" : 
	[
		97.58551025390625,
		96.273918151855469,
		97.28155517578125,
		94.720497131347656,
		97.148475646972656
	],
	"confusion_matrix" : 
	[
		[
			970,
			20,
			0,
			0,
			1
		],
		[
			22,
			956,
			7,
			0,
			0
		],
		[
			0,
			17,
			1002,
			11,
			0
		],
		[
			1,
			0,
			21,
			915,
			28
		],
		[
			1,
			0,
			0,
			40,
			988
		]
	],
	"succes_result" : 96.620002746582031,
	"total_correct" : 4831,
	"total_wrong" : 169
}