{
	"class_success_rate" : 
	[
		97.319587707519531,
		96.592018127441406,
		96.957405090332031,
		92.292488098144531,
		96.41790771484375
	],
	"confusion_matrix" : 
	[
		[
			944,
			19,
			0,
			1,
			0
		],
		[
			24,
			992,
			4,
			0,
			0
		],
		[
			2,
			14,
			956,
			21,
			0
		],
		[
			0,
			1,
			26,
			934,
			36
		],
		[
			0,
			1,
			0,
			56,
			969
		]
	],
	"succes_result" : 95.900001525878906,
	"total_correct" : 4795,
	"total_wrong" : 205
}