{
	"class_success_rate" : 
	[
		99.590583801269531,
		97.957099914550781,
		97.925308227539062,
		95.928497314453125,
		96.81591796875,
		96.278160095214844,
		98.09619140625,
		96.14984130859375,
		97.395347595214844,
		96.150047302246094
	],
	"confusion_matrix" : 
	[
		[
			973,
			0,
			0,
			0,
			2,
			5,
			3,
			1,
			3,
			3
		],
		[
			0,
			959,
			1,
			0,
			1,
			1,
			2,
			2,
			5,
			1
		],
		[
			0,
			14,
			944,
			11,
			0,
			3,
			1,
			8,
			3,
			0
		],
		[
			0,
			0,
			3,
			966,
			0,
			7,
			0,
			10,
			1,
			3
		],
		[
			0,
			1,
			0,
			0,
			973,
			2,
			2,
			4,
			2,
			5
		],
		[
			0,
			0,
			1,
			10,
			0,
			983,
			7,
			1,
			5,
			6
		],
		[
			3,
			0,
			0,
			0,
			3,
			6,
			979,
			0,
			3,
			0
		],
		[
			0,
			0,
			2,
			9,
			2,
			0,
			0,
			924,
			1,
			17
		],
		[
			0,
			5,
			10,
			7,
			2,
			6,
			4,
			2,
			1047,
			4
		],
		[
			1,
			0,
			3,
			4,
			22,
			8,
			0,
			9,
			5,
			974
		]
	],
	"succes_result" : 97.220001220703125,
	"total_correct" : 9722,
	"total_wrong" : 278
}