{
	"class_success_rate" : 
	[
		99.285713195800781,
		99.030838012695312,
		98.5465087890625,
		96.336631774902344,
		95.926681518554688,
		98.094169616699219,
		97.912315368652344,
		96.498054504394531,
		97.535934448242188,
		96.333000183105469
	],
	"confusion_matrix" : 
	[
		[
			973,
			0,
			2,
			0,
			1,
			3,
			7,
			2,
			5,
			4
		],
		[
			1,
			1124,
			1,
			0,
			0,
			0,
			3,
			5,
			0,
			6
		],
		[
			0,
			4,
			1017,
			5,
			2,
			1,
			0,
			12,
			1,
			2
		],
		[
			0,
			2,
			2,
			973,
			0,
			6,
			0,
			8,
			3,
			3
		],
		[
			0,
			0,
			1,
			0,
			942,
			1,
			2,
			1,
			4,
			6
		],
		[
			2,
			0,
			1,
			9,
			0,
			875,
			8,
			0,
			1,
			4
		],
		[
			1,
			1,
			0,
			0,
			8,
			3,
			938,
			0,
			1,
			1
		],
		[
			1,
			0,
			5,
			9,
			1,
			1,
			0,
			992,
			5,
			8
		],
		[
			2,
			4,
			3,
			6,
			2,
			1,
			0,
			1,
			950,
			3
		],
		[
			0,
			0,
			0,
			8,
			26,
			1,
			0,
			7,
			4,
			972
		]
	],
	"succes_result" : 97.55999755859375,
	"total_correct" : 9756,
	"total_wrong" : 244
}