{
	"class_success_rate" : 
	[
		96.780685424804688,
		96.676734924316406,
		97.184463500976562,
		93.167701721191406,
		98.033432006835938
	],
	"confusion_matrix" : 
	[
		[
			962,
			21,
			0,
			1,
			1
		],
		[
			32,
			960,
			10,
			0,
			0
		],
		[
			0,
			12,
			1001,
			20,
			0
		],
		[
			0,
			0,
			19,
			900,
			19
		],
		[
			0,
			0,
			0,
			45,
			997
		]
	],
	"succes_result" : 96.400001525878906,
	"total_correct" : 4820,
	"total_wrong" : 180
}