{
	"class_success_rate" : 
	[
		96.835441589355469,
		96.933731079101562,
		97.2537841796875,
		92.252067565917969,
		97.345130920410156
	],
	"confusion_matrix" : 
	[
		[
			918,
			18,
			0,
			2,
			0
		],
		[
			30,
			980,
			9,
			0,
			0
		],
		[
			0,
			13,
			1027,
			18,
			0
		],
		[
			0,
			0,
			20,
			893,
			27
		],
		[
			0,
			0,
			0,
			55,
			990
		]
	],
	"succes_result" : 96.160003662109375,
	"total_correct" : 4808,
	"total_wrong" : 192
}