{
	"class_success_rate" : 
	[
		99.694808959960938,
		99.224052429199219,
		99.804115295410156,
		99.794868469238281,
		99.607841491699219,
		99.80059814453125,
		99.898887634277344,
		99.803924560546875,
		98.778007507324219,
		98.66802978515625
	],
	"confusion_matrix" : 
	[
		[
			980,
			0,
			0,
			0,
			0,
			0,
			0,
			0,
			1,
			2
		],
		[
			0,
			1023,
			0,
			0,
			1,
			1,
			0,
			0,
			0,
			0
		],
		[
			2,
			5,
			1019,
			0,
			0,
			0,
			0,
			1,
			0,
			0
		],
		[
			0,
			0,
			0,
			973,
			0,
			0,
			0,
			0,
			1,
			0
		],
		[
			0,
			1,
			0,
			0,
			1016,
			0,
			0,
			0,
			1,
			3
		],
		[
			0,
			0,
			0,
			0,
			0,
			1001,
			1,
			0,
			4,
			4
		],
		[
			0,
			0,
			0,
			0,
			1,
			1,
			988,
			0,
			1,
			1
		],
		[
			0,
			2,
			1,
			0,
			0,
			0,
			0,
			1018,
			0,
			3
		],
		[
			0,
			0,
			1,
			1,
			0,
			0,
			0,
			1,
			970,
			0
		],
		[
			1,
			0,
			0,
			1,
			2,
			0,
			0,
			0,
			4,
			963
		]
	],
	"succes_result" : 99.510002136230469,
	"total_correct" : 9951,
	"total_wrong" : 49
}