{
	"class_success_rate" : 
	[
		99.899497985839844,
		99.285713195800781,
		99.013809204101562,
		99.282783508300781,
		98.968009948730469,
		99.489799499511719,
		99.900398254394531,
		99.701492309570312,
		99.320388793945312,
		98.567337036132812
	],
	"confusion_matrix" : 
	[
		[
			994,
			0,
			0,
			0,
			0,
			0,
			1,
			0,
			1,
			1
		],
		[
			0,
			973,
			2,
			0,
			2,
			0,
			0,
			1,
			0,
			1
		],
		[
			0,
			4,
			1004,
			6,
			0,
			1,
			0,
			0,
			0,
			0
		],
		[
			0,
			0,
			0,
			969,
			0,
			0,
			0,
			0,
			0,
			1
		],
		[
			0,
			0,
			0,
			0,
			959,
			0,
			0,
			1,
			2,
			3
		],
		[
			0,
			0,
			0,
			1,
			0,
			975,
			0,
			0,
			0,
			5
		],
		[
			1,
			0,
			1,
			0,
			1,
			3,
			1003,
			0,
			1,
			0
		],
		[
			0,
			2,
			4,
			0,
			0,
			0,
			0,
			1002,
			0,
			2
		],
		[
			0,
			1,
			2,
			0,
			1,
			0,
			0,
			0,
			1023,
			2
		],
		[
			0,
			0,
			1,
			0,
			6,
			1,
			0,
			1,
			3,
			1032
		]
	],
	"succes_result" : 99.339996337890625,
	"total_correct" : 9934,
	"total_wrong" : 66
}