{
	"class_success_rate" : 
	[
		99.318405151367188,
		98.046875,
		96.218902587890625,
		96.502059936523438,
		95.564125061035156,
		96.341461181640625,
		97.621406555175781,
		97.679115295410156,
		94.693878173828125,
		95.674560546875
	],
	"confusion_matrix" : 
	[
		[
			1020,
			0,
			7,
			0,
			3,
			2,
			2,
			5,
			10,
			8
		],
		[
			1,
			1004,
			6,
			2,
			3,
			6,
			4,
			4,
			10,
			1
		],
		[
			0,
			12,
			967,
			5,
			1,
			1,
			2,
			4,
			7,
			1
		],
		[
			0,
			3,
			4,
			938,
			0,
			9,
			0,
			1,
			2,
			13
		],
		[
			1,
			1,
			1,
			1,
			991,
			2,
			2,
			5,
			3,
			6
		],
		[
			1,
			0,
			0,
			2,
			0,
			948,
			11,
			0,
			7,
			4
		],
		[
			2,
			0,
			0,
			0,
			7,
			8,
			985,
			0,
			2,
			0
		],
		[
			1,
			3,
			15,
			12,
			1,
			2,
			0,
			968,
			0,
			6
		],
		[
			0,
			1,
			5,
			8,
			3,
			6,
			3,
			2,
			928,
			3
		],
		[
			1,
			0,
			0,
			4,
			28,
			0,
			0,
			2,
			11,
			929
		]
	],
	"succes_result" : 96.779998779296875,
	"total_correct" : 9678,
	"total_wrong" : 322
}