{
	"class_success_rate" : 
	[
		99.693878173828125,
		99.559471130371094,
		99.612403869628906,
		99.504951477050781,
		98.981666564941406,
		99.103141784667969,
		98.851776123046875,
		99.12451171875,
		99.28131103515625,
		98.909812927246094
	],
	"confusion_matrix" : 
	[
		[
			977,
			0,
			1,
			0,
			0,
			1,
			6,
			0,
			0,
			0
		],
		[
			0,
			1130,
			0,
			0,
			0,
			0,
			3,
			2,
			0,
			0
		],
		[
			0,
			2,
			1028,
			1,
			0,
			0,
			0,
			5,
			1,
			0
		],
		[
			0,
			1,
			0,
			1005,
			0,
			4,
			0,
			1,
			1,
			0
		],
		[
			0,
			0,
			0,
			0,
			972,
			0,
			1,
			0,
			1,
			3
		],
		[
			0,
			1,
			0,
			3,
			0,
			884,
			1,
			1,
			1,
			2
		],
		[
			1,
			0,
			0,
			0,
			4,
			1,
			947,
			0,
			0,
			0
		],
		[
			1,
			1,
			3,
			1,
			0,
			1,
			0,
			1019,
			0,
			4
		],
		[
			1,
			0,
			0,
			0,
			0,
			0,
			0,
			0,
			967,
			2
		],
		[
			0,
			0,
			0,
			0,
			6,
			1,
			0,
			0,
			3,
			998
		]
	],
	"succes_result" : 99.269996643066406,
	"total_correct" : 9927,
	"total_wrong" : 73
}