{
	"class_success_rate" : 
	[
		99.285713195800781,
		99.118942260742188,
		96.802322387695312,
		97.326736450195312,
		95.621177673339844,
		97.53363037109375,
		97.70355224609375,
		96.303504943847656,
		96.714576721191406,
		95.242813110351562
	],
	"confusion_matrix" : 
	[
		[
			973,
			0,
			7,
			1,
			1,
			2,
			4,
			1,
			11,
			7
		],
		[
			0,
			1125,
			2,
			0,
			0,
			1,
			1,
			13,
			2,
			6
		],
		[
			1,
			5,
			999,
			4,
			1,
			0,
			2,
			13,
			3,
			0
		],
		[
			0,
			2,
			2,
			983,
			0,
			10,
			0,
			2,
			1,
			12
		],
		[
			0,
			0,
			3,
			0,
			939,
			0,
			4,
			3,
			3,
			8
		],
		[
			1,
			0,
			0,
			6,
			0,
			870,
			11,
			0,
			2,
			6
		],
		[
			3,
			3,
			2,
			0,
			7,
			7,
			936,
			0,
			2,
			0
		],
		[
			1,
			0,
			11,
			11,
			2,
			1,
			0,
			990,
			3,
			7
		],
		[
			1,
			0,
			6,
			5,
			2,
			1,
			0,
			0,
			942,
			2
		],
		[
			0,
			0,
			0,
			0,
			30,
			0,
			0,
			6,
			5,
			961
		]
	],
	"succes_result" : 97.180000305175781,
	"total_correct" : 9718,
	"total_wrong" : 282
}