{
	"class_success_rate" : 
	[
		98.630134582519531,
		98.185295104980469,
		97.747306823730469,
		97.669906616210938,
		97.311271667480469,
		98.259979248046875,
		96.893791198730469,
		97.706878662109375,
		98.486373901367188,
		96.186439514160156
	],
	"confusion_matrix" : 
	[
		[
			1008,
			0,
			3,
			1,
			0,
			1,
			3,
			1,
			0,
			5
		],
		[
			0,
			1028,
			2,
			0,
			0,
			0,
			4,
			1,
			1,
			0
		],
		[
			4,
			8,
			998,
			6,
			1,
			1,
			0,
			9,
			2,
			0
		],
		[
			0,
			2,
			4,
			1006,
			0,
			7,
			2,
			5,
			1,
			6
		],
		[
			1,
			5,
			4,
			0,
			941,
			0,
			3,
			0,
			0,
			4
		],
		[
			4,
			0,
			0,
			2,
			0,
			960,
			11,
			0,
			2,
			4
		],
		[
			2,
			0,
			0,
			0,
			3,
			2,
			967,
			0,
			2,
			0
		],
		[
			0,
			2,
			5,
			2,
			1,
			0,
			0,
			980,
			3,
			11
		],
		[
			3,
			2,
			5,
			11,
			1,
			4,
			8,
			2,
			976,
			6
		],
		[
			0,
			0,
			0,
			2,
			20,
			2,
			0,
			5,
			4,
			908
		]
	],
	"succes_result" : 97.720001220703125,
	"total_correct" : 9772,
	"total_wrong" : 228
}