{
	"class_success_rate" : 
	[
		99.89990234375,
		98.686866760253906,
		99.361701965332031,
		98.280799865722656,
		99.028182983398438,
		98.649948120117188,
		99.899192810058594,
		99.173553466796875,
		97.955009460449219,
		98.627449035644531
	],
	"confusion_matrix" : 
	[
		[
			998,
			1,
			0,
			0,
			3,
			1,
			0,
			0,
			0,
			1
		],
		[
			0,
			977,
			0,
			0,
			1,
			1,
			0,
			1,
			3,
			2
		],
		[
			1,
			7,
			934,
			6,
			0,
			0,
			0,
			3,
			0,
			1
		],
		[
			0,
			0,
			2,
			1029,
			0,
			0,
			0,
			0,
			1,
			1
		],
		[
			0,
			0,
			0,
			0,
			1019,
			2,
			0,
			2,
			5,
			5
		],
		[
			0,
			0,
			0,
			3,
			0,
			1023,
			0,
			0,
			2,
			2
		],
		[
			0,
			0,
			0,
			0,
			0,
			4,
			991,
			0,
			2,
			0
		],
		[
			0,
			4,
			2,
			3,
			1,
			0,
			0,
			960,
			1,
			2
		],
		[
			0,
			1,
			1,
			4,
			0,
			4,
			1,
			0,
			958,
			0
		],
		[
			0,
			0,
			1,
			2,
			5,
			2,
			0,
			2,
			6,
			1006
		]
	],
	"succes_result" : 98.949996948242188,
	"total_correct" : 9895,
	"total_wrong" : 105
}