{
	"class_success_rate" : 
	[
		99.897956848144531,
		99.471366882324219,
		99.321708679199219,
		99.306930541992188,
		99.083503723144531,
		99.327354431152344,
		98.747390747070312,
		99.319068908691406,
		99.178642272949219,
		98.315162658691406
	],
	"confusion_matrix" : 
	[
		[
			979,
			0,
			1,
			0,
			0,
			0,
			5,
			1,
			2,
			1
		],
		[
			0,
			1129,
			0,
			0,
			0,
			0,
			3,
			2,
			0,
			1
		],
		[
			0,
			3,
			1025,
			1,
			0,
			0,
			1,
			3,
			1,
			0
		],
		[
			0,
			0,
			0,
			1003,
			0,
			3,
			0,
			0,
			1,
			0
		],
		[
			0,
			0,
			0,
			0,
			973,
			0,
			0,
			0,
			1,
			8
		],
		[
			0,
			0,
			0,
			4,
			0,
			886,
			2,
			0,
			1,
			1
		],
		[
			0,
			0,
			1,
			0,
			5,
			1,
			946,
			0,
			0,
			0
		],
		[
			1,
			3,
			3,
			1,
			1,
			1,
			0,
			1021,
			0,
			6
		],
		[
			0,
			0,
			2,
			1,
			0,
			1,
			1,
			1,
			966,
			0
		],
		[
			0,
			0,
			0,
			0,
			3,
			0,
			0,
			0,
			2,
			992
		]
	],
	"succes_result" : 99.199996948242188,
	"total_correct" : 9920,
	"total_wrong" : 80
}