{
	"class_success_rate" : 
	[
		99.2957763671875,
		98.678863525390625,
		99.211044311523438,
		96.903099060058594,
		98.932037353515625,
		98.375633239746094,
		99.410026550292969,
		98.422714233398438,
		99.297187805175781,
		97.762649536132812
	],
	"confusion_matrix" : 
	[
		[
			987,
			0,
			1,
			0,
			0,
			0,
			0,
			0,
			1,
			1
		],
		[
			0,
			971,
			0,
			2,
			2,
			2,
			1,
			1,
			3,
			4
		],
		[
			0,
			8,
			1006,
			8,
			1,
			0,
			1,
			8,
			1,
			0
		],
		[
			0,
			0,
			0,
			970,
			0,
			2,
			0,
			3,
			0,
			1
		],
		[
			0,
			0,
			2,
			0,
			1019,
			3,
			1,
			0,
			0,
			7
		],
		[
			0,
			0,
			0,
			2,
			0,
			969,
			3,
			0,
			0,
			2
		],
		[
			5,
			0,
			0,
			0,
			2,
			3,
			1011,
			0,
			0,
			0
		],
		[
			0,
			3,
			3,
			8,
			1,
			0,
			0,
			936,
			1,
			6
		],
		[
			1,
			2,
			2,
			6,
			0,
			6,
			0,
			0,
			989,
			2
		],
		[
			1,
			0,
			0,
			5,
			5,
			0,
			0,
			3,
			1,
			1005
		]
	],
	"succes_result" : 98.629997253417969,
	"total_correct" : 9863,
	"total_wrong" : 137
}