{
	"class_success_rate" : 
	[
		99.591835021972656,
		99.559471130371094,
		99.612403869628906,
		98.910888671875,
		98.778007507324219,
		98.99102783203125,
		98.538619995117188,
		98.638130187988281,
		98.973304748535156,
		97.918731689453125
	],
	"confusion_matrix" : 
	[
		[
			976,
			0,
			1,
			0,
			0,
			2,
			8,
			1,
			2,
			3
		],
		[
			0,
			1130,
			0,
			0,
			0,
			0,
			2,
			3,
			0,
			0
		],
		[
			1,
			3,
			1028,
			1,
			0,
			0,
			0,
			6,
			0,
			0
		],
		[
			0,
			0,
			0,
			999,
			1,
			4,
			0,
			2,
			1,
			0
		],
		[
			0,
			0,
			1,
			0,
			970,
			0,
			0,
			0,
			2,
			6
		],
		[
			0,
			0,
			0,
			4,
			0,
			883,
			3,
			0,
			2,
			1
		],
		[
			2,
			0,
			0,
			0,
			3,
			1,
			944,
			0,
			0,
			0
		],
		[
			1,
			2,
			1,
			4,
			1,
			1,
			0,
			1014,
			1,
			10
		],
		[
			0,
			0,
			1,
			1,
			0,
			1,
			1,
			2,
			964,
			1
		],
		[
			0,
			0,
			0,
			1,
			7,
			0,
			0,
			0,
			2,
			988
		]
	],
	"succes_result" : 98.959999084472656,
	"total_correct" : 9896,
	"total_wrong" : 104
}