{
	"class_success_rate" : 
	[
		99.081634521484375,
		98.590309143066406,
		97.868217468261719,
		98.514854431152344,
		98.065170288085938,
		97.982063293457031,
		97.599166870117188,
		97.470817565917969,
		97.330596923828125,
		96.432113647460938
	],
	"confusion_matrix" : 
	[
		[
			971,
			0,
			3,
			0,
			1,
			2,
			7,
			2,
			4,
			3
		],
		[
			0,
			1119,
			1,
			0,
			0,
			0,
			3,
			4,
			0,
			3
		],
		[
			0,
			3,
			1010,
			2,
			4,
			0,
			0,
			10,
			2,
			0
		],
		[
			1,
			3,
			1,
			995,
			0,
			5,
			1,
			2,
			4,
			6
		],
		[
			0,
			0,
			3,
			0,
			963,
			0,
			1,
			0,
			4,
			10
		],
		[
			0,
			1,
			1,
			3,
			0,
			874,
			6,
			0,
			3,
			2
		],
		[
			4,
			2,
			1,
			0,
			4,
			4,
			935,
			0,
			3,
			1
		],
		[
			1,
			1,
			7,
			6,
			0,
			2,
			0,
			1002,
			2,
			6
		],
		[
			3,
			6,
			5,
			3,
			2,
			3,
			5,
			1,
			948,
			5
		],
		[
			0,
			0,
			0,
			1,
			8,
			2,
			0,
			7,
			4,
			973
		]
	],
	"succes_result" : 97.900001525878906,
	"total_correct" : 9790,
	"total_wrong" : 210
}