{
	"class_success_rate" : 
	[
		99.183670043945312,
		98.590309143066406,
		98.255813598632812,
		97.722770690917969,
		96.537681579589844,
		97.869956970214844,
		97.599166870117188,
		97.178985595703125,
		97.433265686035156,
		96.729438781738281
	],
	"confusion_matrix" : 
	[
		[
			972,
			0,
			3,
			2,
			1,
			1,
			8,
			1,
			2,
			3
		],
		[
			1,
			1119,
			1,
			0,
			0,
			0,
			5,
			3,
			0,
			4
		],
		[
			0,
			6,
			1014,
			3,
			2,
			0,
			0,
			14,
			3,
			0
		],
		[
			0,
			2,
			3,
			987,
			0,
			11,
			0,
			5,
			5,
			9
		],
		[
			0,
			2,
			0,
			0,
			948,
			0,
			2,
			0,
			4,
			2
		],
		[
			1,
			0,
			0,
			4,
			0,
			873,
			7,
			0,
			4,
			4
		],
		[
			5,
			1,
			1,
			0,
			4,
			3,
			935,
			0,
			0,
			0
		],
		[
			1,
			0,
			4,
			8,
			1,
			2,
			0,
			999,
			2,
			9
		],
		[
			0,
			5,
			6,
			6,
			2,
			1,
			1,
			1,
			949,
			2
		],
		[
			0,
			0,
			0,
			0,
			24,
			1,
			0,
			5,
			5,
			976
		]
	],
	"succes_result" : 97.720001220703125,
	"total_correct" : 9772,
	"total_wrong" : 228
}