{
	"class_success_rate" : 
	[
		99.707313537597656,
		99.0625,
		99.294357299804688,
		99.118515014648438,
		99.698188781738281,
		99.388381958007812,
		99.900199890136719,
		99.399398803710938,
		99.008918762207031,
		98.623405456542969
	],
	"confusion_matrix" : 
	[
		[
			1022,
			0,
			1,
			0,
			0,
			1,
			0,
			0,
			0,
			2
		],
		[
			0,
			951,
			1,
			0,
			1,
			0,
			0,
			0,
			2,
			2
		],
		[
			0,
			5,
			985,
			3,
			0,
			0,
			0,
			3,
			0,
			0
		],
		[
			1,
			0,
			1,
			1012,
			0,
			2,
			0,
			0,
			1,
			0
		],
		[
			0,
			0,
			1,
			0,
			991,
			0,
			0,
			2,
			1,
			4
		],
		[
			0,
			0,
			0,
			2,
			0,
			975,
			1,
			0,
			2,
			3
		],
		[
			1,
			0,
			0,
			0,
			0,
			3,
			1001,
			0,
			2,
			0
		],
		[
			0,
			3,
			2,
			2,
			0,
			0,
			0,
			993,
			0,
			3
		],
		[
			1,
			1,
			1,
			1,
			0,
			0,
			0,
			0,
			999,
			0
		],
		[
			0,
			0,
			0,
			1,
			2,
			0,
			0,
			1,
			2,
			1003
		]
	],
	"succes_result" : 99.319999694824219,
	"total_correct" : 9932,
	"total_wrong" : 68
}