{
	"class_success_rate" : 
	[
		99.591835021972656,
		99.207046508789062,
		99.418601989746094,
		98.31683349609375,
		98.5743408203125,
		98.878921508789062,
		98.747390747070312,
		98.054473876953125,
		98.4599609375,
		96.630325317382812
	],
	"confusion_matrix" : 
	[
		[
			976,
			0,
			1,
			0,
			0,
			2,
			7,
			1,
			2,
			5
		],
		[
			0,
			1126,
			0,
			0,
			0,
			0,
			3,
			3,
			0,
			4
		],
		[
			0,
			5,
			1026,
			4,
			1,
			0,
			0,
			8,
			2,
			0
		],
		[
			0,
			0,
			0,
			993,
			0,
			5,
			0,
			3,
			1,
			1
		],
		[
			0,
			0,
			0,
			0,
			968,
			1,
			1,
			0,
			2,
			8
		],
		[
			1,
			1,
			0,
			3,
			0,
			882,
			1,
			0,
			1,
			3
		],
		[
			0,
			1,
			0,
			0,
			5,
			1,
			946,
			0,
			0,
			0
		],
		[
			1,
			2,
			3,
			6,
			0,
			1,
			0,
			1008,
			3,
			10
		],
		[
			2,
			0,
			2,
			4,
			2,
			0,
			0,
			3,
			959,
			3
		],
		[
			0,
			0,
			0,
			0,
			6,
			0,
			0,
			2,
			4,
			975
		]
	],
	"succes_result" : 98.589996337890625,
	"total_correct" : 9859,
	"total_wrong" : 141
}