{
	"class_success_rate" : 
	[
		97.346939086914062,
		98.942733764648438,
		93.895347595214844,
		84.653465270996094,
		93.075355529785156,
		87.219734191894531,
		94.363258361816406,
		90.758758544921875,
		89.938400268554688,
		92.963333129882812
	],
	"confusion_matrix" : 
	[
		[
			954,
			0,
			6,
			6,
			0,
			5,
			9,
			1,
			5,
			4
		],
		[
			2,
			1123,
			1,
			14,
			2,
			3,
			10,
			8,
			18,
			6
		],
		[
			4,
			6,
			969,
			23,
			4,
			2,
			1,
			33,
			3,
			2
		],
		[
			0,
			0,
			14,
			855,
			0,
			22,
			0,
			11,
			12,
			7
		],
		[
			1,
			0,
			5,
			0,
			914,
			5,
			4,
			4,
			14,
			14
		],
		[
			2,
			1,
			1,
			19,
			1,
			778,
			27,
			0,
			25,
			5
		],
		[
			11,
			2,
			1,
			3,
			24,
			21,
			904,
			2,
			5,
			2
		],
		[
			2,
			0,
			16,
			13,
			1,
			7,
			0,
			933,
			6,
			7
		],
		[
			4,
			3,
			18,
			70,
			0,
			40,
			3,
			4,
			876,
			24
		],
		[
			0,
			0,
			1,
			7,
			36,
			9,
			0,
			32,
			10,
			938
		]
	],
	"succes_result" : 92.44000244140625,
	"total_correct" : 9244,
	"total_wrong" : 756
}