{
	"class_success_rate" : 
	[
		96.068016052246094,
		98.42364501953125,
		93.548385620117188,
		88.23529052734375,
		86.847198486328125,
		84.490959167480469,
		95.394065856933594,
		91.897438049316406,
		90.362693786621094,
		95.417518615722656
	],
	"confusion_matrix" : 
	[
		[
			904,
			0,
			10,
			4,
			0,
			9,
			4,
			1,
			1,
			4
		],
		[
			2,
			999,
			2,
			19,
			0,
			9,
			7,
			10,
			20,
			8
		],
		[
			0,
			10,
			957,
			17,
			15,
			3,
			7,
			18,
			7,
			3
		],
		[
			2,
			0,
			7,
			915,
			2,
			44,
			0,
			9,
			18,
			2
		],
		[
			0,
			0,
			6,
			0,
			898,
			9,
			4,
			3,
			3,
			5
		],
		[
			1,
			0,
			2,
			4,
			1,
			888,
			20,
			0,
			10,
			1
		],
		[
			22,
			3,
			8,
			4,
			26,
			19,
			932,
			0,
			12,
			3
		],
		[
			1,
			2,
			14,
			20,
			4,
			8,
			0,
			896,
			3,
			16
		],
		[
			9,
			1,
			14,
			39,
			1,
			34,
			3,
			0,
			872,
			3
		],
		[
			0,
			0,
			3,
			15,
			87,
			28,
			0,
			38,
			19,
			937
		]
	],
	"succes_result" : 91.980003356933594,
	"total_correct" : 9198,
	"total_wrong" : 802
}