{
	"class_success_rate" : 
	[
		97.755104064941406,
		98.414100646972656,
		94.47674560546875,
		98.31683349609375,
		93.482688903808594,
		94.843048095703125,
		96.137786865234375,
		89.396888732910156,
		94.147842407226562,
		94.449951171875
	],
	"confusion_matrix" : 
	[
		[
			958,
			0,
			5,
			3,
			0,
			9,
			11,
			0,
			2,
			6
		],
		[
			0,
			1117,
			0,
			0,
			0,
			1,
			3,
			3,
			0,
			0
		],
		[
			0,
			7,
			975,
			0,
			4,
			1,
			4,
			46,
			7,
			2
		],
		[
			0,
			0,
			32,
			993,
			0,
			13,
			0,
			27,
			12,
			9
		],
		[
			0,
			2,
			0,
			0,
			918,
			0,
			6,
			1,
			5,
			2
		],
		[
			3,
			0,
			2,
			4,
			0,
			846,
			11,
			2,
			7,
			11
		],
		[
			9,
			4,
			0,
			0,
			11,
			7,
			921,
			0,
			7,
			1
		],
		[
			2,
			3,
			0,
			3,
			0,
			3,
			0,
			919,
			4,
			18
		],
		[
			4,
			2,
			18,
			4,
			2,
			8,
			2,
			5,
			917,
			7
		],
		[
			4,
			0,
			0,
			3,
			47,
			4,
			0,
			25,
			13,
			953
		]
	],
	"succes_result" : 95.169998168945312,
	"total_correct" : 9517,
	"total_wrong" : 483
}