{
	"class_success_rate" : 
	[
		97.224884033203125,
		98.4063720703125,
		96.8472900390625,
		97.123016357421875,
		95.56243896484375,
		97.834648132324219,
		97.674415588378906,
		97.007225036621094,
		98.023712158203125,
		96.850395202636719
	],
	"confusion_matrix" : 
	[
		[
			1016,
			0,
			3,
			0,
			0,
			3,
			5,
			0,
			1,
			8
		],
		[
			0,
			988,
			0,
			1,
			0,
			0,
			2,
			5,
			0,
			0
		],
		[
			0,
			8,
			983,
			6,
			0,
			0,
			1,
			10,
			2,
			0
		],
		[
			0,
			1,
			0,
			979,
			0,
			4,
			0,
			3,
			3,
			4
		],
		[
			0,
			1,
			4,
			0,
			926,
			1,
			2,
			4,
			1,
			10
		],
		[
			0,
			0,
			2,
			7,
			0,
			994,
			9,
			2,
			2,
			3
		],
		[
			9,
			0,
			3,
			1,
			5,
			7,
			924,
			0,
			4,
			0
		],
		[
			0,
			3,
			6,
			5,
			0,
			0,
			0,
			940,
			0,
			3
		],
		[
			13,
			3,
			13,
			9,
			4,
			2,
			3,
			1,
			992,
			4
		],
		[
			7,
			0,
			1,
			0,
			34,
			5,
			0,
			4,
			7,
			984
		]
	],
	"succes_result" : 97.260002136230469,
	"total_correct" : 9726,
	"total_wrong" : 274
}