{
	"class_success_rate" : 
	[
		97.782257080078125,
		95.771881103515625,
		94.495414733886719,
		96.531219482421875,
		93.857002258300781,
		95.992362976074219,
		97.176239013671875,
		89.672798156738281,
		93.762779235839844,
		93.858749389648438
	],
	"confusion_matrix" : 
	[
		[
			970,
			2,
			7,
			4,
			4,
			9,
			3,
			1,
			3,
			8
		],
		[
			0,
			974,
			3,
			0,
			1,
			1,
			1,
			4,
			2,
			0
		],
		[
			1,
			24,
			927,
			13,
			7,
			0,
			6,
			38,
			2,
			0
		],
		[
			1,
			0,
			25,
			974,
			0,
			11,
			0,
			34,
			14,
			12
		],
		[
			0,
			5,
			1,
			0,
			932,
			0,
			2,
			4,
			2,
			8
		],
		[
			7,
			0,
			1,
			2,
			2,
			1006,
			12,
			6,
			16,
			12
		],
		[
			5,
			2,
			1,
			0,
			6,
			6,
			998,
			0,
			9,
			1
		],
		[
			3,
			8,
			2,
			7,
			1,
			0,
			0,
			877,
			3,
			12
		],
		[
			4,
			2,
			12,
			7,
			2,
			13,
			1,
			1,
			917,
			7
		],
		[
			1,
			0,
			2,
			2,
			38,
			2,
			4,
			13,
			10,
			917
		]
	],
	"succes_result" : 94.919998168945312,
	"total_correct" : 9492,
	"total_wrong" : 508
}