{
	"class_success_rate" : 
	[
		97.289451599121094,
		97.512954711914062,
		96.739128112792969,
		97.51434326171875,
		96.349662780761719,
		97.660224914550781,
		98.590133666992188,
		97.989952087402344,
		96.914894104003906,
		97.278228759765625
	],
	"confusion_matrix" : 
	[
		[
			1005,
			0,
			6,
			0,
			1,
			4,
			1,
			0,
			2,
			7
		],
		[
			0,
			941,
			2,
			1,
			0,
			0,
			0,
			0,
			4,
			0
		],
		[
			2,
			12,
			979,
			6,
			4,
			1,
			1,
			6,
			1,
			0
		],
		[
			0,
			1,
			2,
			1020,
			0,
			2,
			0,
			4,
			2,
			3
		],
		[
			1,
			6,
			8,
			0,
			1003,
			1,
			1,
			4,
			3,
			3
		],
		[
			0,
			0,
			0,
			4,
			0,
			960,
			7,
			0,
			3,
			5
		],
		[
			9,
			1,
			2,
			0,
			0,
			6,
			979,
			0,
			3,
			0
		],
		[
			0,
			0,
			5,
			5,
			1,
			0,
			0,
			975,
			2,
			5
		],
		[
			14,
			3,
			7,
			8,
			1,
			7,
			3,
			0,
			911,
			4
		],
		[
			2,
			1,
			1,
			2,
			31,
			2,
			1,
			6,
			9,
			965
		]
	],
	"succes_result" : 97.379997253417969,
	"total_correct" : 9738,
	"total_wrong" : 262
}