{
	"class_success_rate" : 
	[
		99.693878173828125,
		99.82379150390625,
		99.709304809570312,
		98.712867736816406,
		99.592666625976562,
		98.318382263183594,
		99.791229248046875,
		100,
		99.691993713378906,
		99.900894165039062
	],
	"confusion_matrix" : 
	[
		[
			977,
			0,
			0,
			1,
			0,
			3,
			0,
			0,
			0,
			0
		],
		[
			0,
			1133,
			0,
			0,
			1,
			0,
			0,
			0,
			0,
			0
		],
		[
			0,
			2,
			1029,
			1,
			2,
			2,
			0,
			0,
			1,
			0
		],
		[
			0,
			0,
			1,
			997,
			0,
			1,
			0,
			0,
			1,
			0
		],
		[
			0,
			0,
			0,
			0,
			978,
			2,
			0,
			0,
			1,
			0
		],
		[
			1,
			0,
			0,
			1,
			0,
			877,
			2,
			0,
			0,
			0
		],
		[
			1,
			0,
			1,
			1,
			0,
			4,
			956,
			0,
			0,
			0
		],
		[
			0,
			0,
			1,
			4,
			0,
			0,
			0,
			1028,
			0,
			1
		],
		[
			0,
			0,
			0,
			5,
			0,
			1,
			0,
			0,
			971,
			0
		],
		[
			1,
			0,
			0,
			0,
			1,
			2,
			0,
			0,
			0,
			1008
		]
	],
	"succes_result" : 99.540000915527344,
	"total_correct" : 9954,
	"total_wrong" : 46
}