{
	"class_success_rate" : 
	[
		100,
		99.436088562011719,
		99.7952880859375,
		98.148147583007812,
		99.900596618652344,
		99.174407958984375,
		99.797775268554688,
		99.612403869628906,
		99.590583801269531,
		99.211044311523438
	],
	"confusion_matrix" : 
	[
		[
			1000,
			0,
			1,
			3,
			0,
			0,
			1,
			0,
			0,
			2
		],
		[
			0,
			1058,
			0,
			0,
			0,
			1,
			0,
			0,
			0,
			0
		],
		[
			0,
			5,
			975,
			1,
			1,
			0,
			0,
			1,
			0,
			0
		],
		[
			0,
			0,
			0,
			954,
			0,
			1,
			0,
			2,
			1,
			0
		],
		[
			0,
			1,
			1,
			2,
			1005,
			1,
			0,
			0,
			0,
			0
		],
		[
			0,
			0,
			0,
			1,
			0,
			961,
			1,
			0,
			0,
			0
		],
		[
			0,
			0,
			0,
			1,
			0,
			3,
			987,
			0,
			2,
			0
		],
		[
			0,
			0,
			0,
			6,
			0,
			0,
			0,
			1028,
			0,
			3
		],
		[
			0,
			0,
			0,
			3,
			0,
			1,
			0,
			0,
			973,
			3
		],
		[
			0,
			0,
			0,
			1,
			0,
			1,
			0,
			1,
			1,
			1006
		]
	],
	"succes_result" : 99.470001220703125,
	"total_correct" : 9947,
	"total_wrong" : 53
}