{
	"class_success_rate" : 
	[
		98.5,
		96.996994018554688,
		98.057258605957031,
		96.273292541503906,
		96.356277465820312,
		98.825828552246094,
		97.607177734375,
		95.652175903320312,
		94.660194396972656,
		95.808380126953125
	],
	"confusion_matrix" : 
	[
		[
			985,
			0,
			2,
			1,
			1,
			0,
			5,
			0,
			0,
			2
		],
		[
			0,
			969,
			0,
			2,
			0,
			1,
			0,
			1,
			9,
			0
		],
		[
			0,
			19,
			959,
			15,
			1,
			0,
			1,
			13,
			8,
			0
		],
		[
			0,
			3,
			5,
			930,
			0,
			3,
			0,
			2,
			6,
			17
		],
		[
			0,
			1,
			1,
			0,
			952,
			0,
			2,
			5,
			1,
			3
		],
		[
			0,
			0,
			0,
			7,
			0,
			1010,
			12,
			1,
			17,
			4
		],
		[
			6,
			0,
			0,
			0,
			3,
			3,
			979,
			0,
			1,
			0
		],
		[
			0,
			1,
			3,
			2,
			1,
			0,
			0,
			968,
			1,
			10
		],
		[
			5,
			4,
			5,
			3,
			1,
			4,
			4,
			1,
			975,
			6
		],
		[
			4,
			2,
			3,
			6,
			29,
			1,
			0,
			21,
			12,
			960
		]
	],
	"succes_result" : 96.870002746582031,
	"total_correct" : 9687,
	"total_wrong" : 313
}