{
	"class_success_rate" : 
	[
		95.699996948242188,
		97.46240234375,
		92.630500793457031,
		83.127571105957031,
		94.831016540527344,
		86.377708435058594,
		93.629928588867188,
		92.926353454589844,
		86.796318054199219,
		92.011833190917969
	],
	"confusion_matrix" : 
	[
		[
			957,
			0,
			7,
			10,
			0,
			3,
			6,
			2,
			0,
			5
		],
		[
			5,
			1037,
			4,
			19,
			3,
			4,
			17,
			3,
			44,
			3
		],
		[
			2,
			21,
			905,
			17,
			2,
			2,
			1,
			26,
			2,
			6
		],
		[
			0,
			0,
			8,
			808,
			0,
			32,
			0,
			10,
			23,
			5
		],
		[
			0,
			3,
			11,
			4,
			954,
			6,
			8,
			6,
			7,
			9
		],
		[
			2,
			0,
			0,
			25,
			2,
			837,
			30,
			0,
			31,
			4
		],
		[
			19,
			0,
			8,
			3,
			15,
			28,
			926,
			0,
			9,
			7
		],
		[
			6,
			1,
			17,
			20,
			0,
			2,
			0,
			959,
			2,
			25
		],
		[
			7,
			2,
			13,
			56,
			3,
			32,
			1,
			2,
			848,
			17
		],
		[
			2,
			0,
			4,
			10,
			27,
			23,
			0,
			24,
			11,
			933
		]
	],
	"succes_result" : 91.639999389648438,
	"total_correct" : 9164,
	"total_wrong" : 836
}