{
	"class_success_rate" : 
	[
		99.285713195800781,
		98.854621887207031,
		97.674415588378906,
		97.029701232910156,
		95.112014770507812,
		97.53363037109375,
		98.225471496582031,
		94.260704040527344,
		97.227928161621094,
		95.738357543945312
	],
	"confusion_matrix" : 
	[
		[
			973,
			0,
			3,
			3,
			0,
			2,
			10,
			0,
			5,
			2
		],
		[
			0,
			1122,
			1,
			0,
			0,
			0,
			3,
			4,
			0,
			5
		],
		[
			1,
			6,
			1008,
			14,
			1,
			1,
			0,
			17,
			1,
			0
		],
		[
			0,
			0,
			5,
			980,
			1,
			10,
			0,
			14,
			1,
			2
		],
		[
			0,
			0,
			1,
			0,
			934,
			0,
			1,
			1,
			5,
			10
		],
		[
			1,
			1,
			0,
			4,
			0,
			870,
			1,
			3,
			0,
			6
		],
		[
			1,
			2,
			1,
			0,
			6,
			5,
			941,
			0,
			5,
			0
		],
		[
			1,
			1,
			5,
			5,
			0,
			1,
			0,
			969,
			1,
			8
		],
		[
			3,
			3,
			8,
			3,
			2,
			2,
			2,
			6,
			947,
			10
		],
		[
			0,
			0,
			0,
			1,
			38,
			1,
			0,
			14,
			9,
			966
		]
	],
	"succes_result" : 97.099998474121094,
	"total_correct" : 9710,
	"total_wrong" : 290
}