{
	"class_success_rate" : 
	[
		99.897956848144531,
		99.647575378417969,
		99.806198120117188,
		99.009902954101562,
		99.898170471191406,
		99.663673400878906,
		100,
		99.610893249511719,
		99.691993713378906,
		99.603569030761719
	],
	"confusion_matrix" : 
	[
		[
			979,
			0,
			0,
			1,
			0,
			0,
			0,
			0,
			1,
			1
		],
		[
			0,
			1131,
			0,
			0,
			0,
			0,
			0,
			1,
			0,
			0
		],
		[
			0,
			4,
			1030,
			1,
			1,
			1,
			0,
			2,
			1,
			0
		],
		[
			0,
			0,
			1,
			1000,
			0,
			1,
			0,
			0,
			0,
			0
		],
		[
			0,
			0,
			0,
			0,
			981,
			0,
			0,
			0,
			1,
			1
		],
		[
			1,
			0,
			0,
			2,
			0,
			889,
			0,
			0,
			0,
			1
		],
		[
			0,
			0,
			0,
			0,
			0,
			0,
			958,
			0,
			0,
			0
		],
		[
			0,
			0,
			1,
			2,
			0,
			0,
			0,
			1024,
			0,
			0
		],
		[
			0,
			0,
			0,
			4,
			0,
			1,
			0,
			1,
			971,
			1
		],
		[
			0,
			0,
			0,
			0,
			0,
			0,
			0,
			0,
			0,
			1005
		]
	],
	"succes_result" : 99.680000305175781,
	"total_correct" : 9968,
	"total_wrong" : 32
}