{
	"class_success_rate" : 
	[
		96.326530456542969,
		99.030838012695312,
		94.670539855957031,
		89.504951477050781,
		86.048881530761719,
		86.098655700683594,
		95.093948364257812,
		91.731513977050781,
		92.710472106933594,
		94.747276306152344
	],
	"confusion_matrix" : 
	[
		[
			944,
			0,
			9,
			7,
			0,
			9,
			11,
			1,
			2,
			2
		],
		[
			3,
			1124,
			1,
			8,
			1,
			4,
			8,
			12,
			5,
			4
		],
		[
			2,
			4,
			977,
			6,
			4,
			3,
			2,
			29,
			4,
			4
		],
		[
			1,
			0,
			13,
			904,
			0,
			36,
			0,
			16,
			9,
			2
		],
		[
			0,
			0,
			1,
			0,
			845,
			5,
			6,
			3,
			7,
			5
		],
		[
			1,
			0,
			0,
			5,
			0,
			768,
			20,
			0,
			10,
			2
		],
		[
			17,
			3,
			2,
			5,
			50,
			14,
			911,
			0,
			9,
			3
		],
		[
			3,
			2,
			16,
			15,
			2,
			13,
			0,
			943,
			7,
			14
		],
		[
			7,
			2,
			13,
			48,
			1,
			23,
			0,
			0,
			903,
			17
		],
		[
			2,
			0,
			0,
			12,
			79,
			17,
			0,
			24,
			18,
			956
		]
	],
	"succes_result" : 92.75,
	"total_correct" : 9275,
	"total_wrong" : 725
}