{
	"class_success_rate" : 
	[
		98.417411804199219,
		97.656982421875,
		98.85931396484375,
		97.291877746582031,
		97.815292358398438,
		98.623405456542969,
		98.148147583007812,
		98.4552001953125,
		98.79638671875,
		97.300102233886719
	],
	"confusion_matrix" : 
	[
		[
			995,
			0,
			0,
			0,
			4,
			4,
			7,
			0,
			0,
			4
		],
		[
			0,
			1042,
			1,
			0,
			0,
			1,
			1,
			1,
			1,
			1
		],
		[
			2,
			22,
			1040,
			5,
			1,
			1,
			1,
			10,
			1,
			0
		],
		[
			0,
			0,
			2,
			970,
			0,
			4,
			0,
			2,
			1,
			0
		],
		[
			2,
			1,
			4,
			1,
			985,
			0,
			1,
			0,
			2,
			11
		],
		[
			0,
			0,
			0,
			3,
			0,
			1003,
			4,
			0,
			1,
			2
		],
		[
			6,
			0,
			1,
			2,
			5,
			2,
			901,
			0,
			1,
			0
		],
		[
			1,
			2,
			2,
			9,
			1,
			0,
			0,
			956,
			0,
			6
		],
		[
			3,
			0,
			2,
			3,
			1,
			2,
			3,
			0,
			985,
			2
		],
		[
			2,
			0,
			0,
			4,
			10,
			0,
			0,
			2,
			5,
			937
		]
	],
	"succes_result" : 98.139999389648438,
	"total_correct" : 9814,
	"total_wrong" : 186
}