{
	"class_success_rate" : 
	[
		99.285713195800781,
		99.207046508789062,
		99.127906799316406,
		98.415840148925781,
		98.676170349121094,
		98.878921508789062,
		98.016700744628906,
		97.470817565917969,
		98.254623413085938,
		97.125869750976562
	],
	"confusion_matrix" : 
	[
		[
			973,
			0,
			0,
			0,
			0,
			1,
			11,
			1,
			1,
			2
		],
		[
			1,
			1126,
			0,
			0,
			0,
			0,
			3,
			2,
			0,
			0
		],
		[
			1,
			4,
			1023,
			4,
			2,
			0,
			0,
			16,
			4,
			0
		],
		[
			0,
			0,
			0,
			994,
			0,
			5,
			0,
			6,
			2,
			1
		],
		[
			0,
			0,
			1,
			0,
			969,
			0,
			0,
			0,
			3,
			11
		],
		[
			1,
			2,
			0,
			3,
			0,
			882,
			2,
			0,
			2,
			6
		],
		[
			1,
			0,
			1,
			0,
			4,
			1,
			939,
			0,
			1,
			0
		],
		[
			1,
			2,
			6,
			6,
			0,
			1,
			0,
			1002,
			0,
			7
		],
		[
			1,
			1,
			1,
			2,
			1,
			2,
			3,
			0,
			957,
			2
		],
		[
			1,
			0,
			0,
			1,
			6,
			0,
			0,
			1,
			4,
			980
		]
	],
	"succes_result" : 98.449996948242188,
	"total_correct" : 9845,
	"total_wrong" : 155
}