{
	"class_success_rate" : 
	[
		99.081634521484375,
		98.854621887207031,
		97.189926147460938,
		98.514854431152344,
		96.537681579589844,
		98.318382263183594,
		97.807929992675781,
		96.400779724121094,
		97.843940734863281,
		96.927650451660156
	],
	"confusion_matrix" : 
	[
		[
			971,
			0,
			7,
			1,
			0,
			2,
			5,
			0,
			1,
			5
		],
		[
			0,
			1122,
			0,
			0,
			0,
			0,
			2,
			4,
			0,
			1
		],
		[
			0,
			6,
			1003,
			3,
			3,
			1,
			2,
			19,
			3,
			1
		],
		[
			1,
			0,
			6,
			995,
			0,
			5,
			0,
			7,
			1,
			7
		],
		[
			0,
			0,
			1,
			0,
			948,
			0,
			3,
			0,
			4,
			1
		],
		[
			0,
			2,
			0,
			3,
			0,
			877,
			5,
			0,
			2,
			3
		],
		[
			4,
			1,
			2,
			0,
			5,
			4,
			937,
			0,
			0,
			1
		],
		[
			2,
			3,
			6,
			4,
			0,
			1,
			0,
			991,
			4,
			7
		],
		[
			1,
			1,
			7,
			4,
			3,
			1,
			4,
			1,
			953,
			5
		],
		[
			1,
			0,
			0,
			0,
			23,
			1,
			0,
			6,
			6,
			978
		]
	],
	"succes_result" : 97.75,
	"total_correct" : 9775,
	"total_wrong" : 225
}