{
	"class_success_rate" : 
	[
		99.681190490722656,
		99.901481628417969,
		99.902244567871094,
		99.035682678222656,
		99.419731140136719,
		99.143669128417969,
		100,
		100,
		99.792747497558594,
		99.898170471191406
	],
	"confusion_matrix" : 
	[
		[
			938,
			0,
			1,
			1,
			0,
			0,
			0,
			0,
			0,
			1
		],
		[
			0,
			1014,
			0,
			1,
			0,
			1,
			0,
			0,
			0,
			0
		],
		[
			0,
			0,
			1022,
			1,
			1,
			0,
			0,
			0,
			0,
			0
		],
		[
			0,
			0,
			0,
			1027,
			0,
			0,
			0,
			0,
			0,
			0
		],
		[
			0,
			0,
			0,
			0,
			1028,
			1,
			0,
			0,
			1,
			0
		],
		[
			0,
			0,
			0,
			1,
			0,
			1042,
			0,
			0,
			0,
			0
		],
		[
			1,
			0,
			0,
			2,
			2,
			2,
			977,
			0,
			1,
			0
		],
		[
			0,
			1,
			0,
			2,
			0,
			2,
			0,
			975,
			0,
			0
		],
		[
			2,
			0,
			0,
			1,
			0,
			3,
			0,
			0,
			963,
			0
		],
		[
			0,
			0,
			0,
			1,
			3,
			0,
			0,
			0,
			0,
			981
		]
	],
	"succes_result" : 99.669998168945312,
	"total_correct" : 9967,
	"total_wrong" : 33
}