{
	"class_success_rate" : 
	[
		99.798385620117188,
		99.410026550292969,
		99.796127319335938,
		99.900894165039062,
		99.697883605957031,
		99.809158325195312,
		99.902626037597656,
		99.693252563476562,
		99.795501708984375,
		99.385871887207031
	],
	"confusion_matrix" : 
	[
		[
			990,
			0,
			1,
			0,
			0,
			0,
			0,
			0,
			0,
			1
		],
		[
			0,
			1011,
			0,
			0,
			0,
			0,
			0,
			0,
			0,
			0
		],
		[
			0,
			6,
			979,
			1,
			1,
			0,
			1,
			2,
			0,
			0
		],
		[
			0,
			0,
			0,
			1008,
			0,
			0,
			0,
			0,
			0,
			0
		],
		[
			0,
			0,
			0,
			0,
			990,
			0,
			0,
			0,
			1,
			0
		],
		[
			1,
			0,
			0,
			0,
			0,
			1046,
			0,
			1,
			1,
			0
		],
		[
			1,
			0,
			0,
			0,
			0,
			0,
			1026,
			0,
			0,
			0
		],
		[
			0,
			0,
			0,
			0,
			0,
			0,
			0,
			975,
			0,
			2
		],
		[
			0,
			0,
			1,
			0,
			1,
			2,
			0,
			0,
			976,
			3
		],
		[
			0,
			0,
			0,
			0,
			1,
			0,
			0,
			0,
			0,
			971
		]
	],
	"succes_result" : 99.720001220703125,
	"total_correct" : 9972,
	"total_wrong" : 28
}