{
	"class_success_rate" : 
	[
		97.729728698730469,
		97.895790100097656,
		97.211540222167969,
		95.242912292480469,
		96.097564697265625,
		96.963760375976562,
		97.933067321777344,
		95.351242065429688,
		96.585365295410156,
		94.768608093261719
	],
	"confusion_matrix" : 
	[
		[
			904,
			0,
			3,
			4,
			1,
			1,
			9,
			2,
			3,
			5
		],
		[
			0,
			977,
			4,
			1,
			0,
			4,
			4,
			2,
			2,
			2
		],
		[
			1,
			13,
			1011,
			24,
			2,
			1,
			0,
			9,
			3,
			0
		],
		[
			0,
			1,
			1,
			941,
			1,
			8,
			0,
			8,
			0,
			4
		],
		[
			0,
			0,
			2,
			0,
			985,
			1,
			2,
			6,
			4,
			8
		],
		[
			0,
			0,
			0,
			0,
			0,
			990,
			3,
			0,
			6,
			8
		],
		[
			6,
			0,
			2,
			0,
			6,
			4,
			995,
			1,
			7,
			1
		],
		[
			0,
			6,
			10,
			5,
			1,
			0,
			0,
			923,
			0,
			13
		],
		[
			12,
			1,
			7,
			10,
			3,
			6,
			3,
			6,
			990,
			11
		],
		[
			2,
			0,
			0,
			3,
			26,
			6,
			0,
			11,
			10,
			942
		]
	],
	"succes_result" : 96.580001831054688,
	"total_correct" : 9658,
	"total_wrong" : 342
}