{
	"class_success_rate" : 
	[
		99.081634521484375,
		98.942733764648438,
		98.449615478515625,
		97.425743103027344,
		94.602851867675781,
		97.085205078125,
		96.555320739746094,
		93.579765319824219,
		95.174537658691406,
		96.134788513183594
	],
	"confusion_matrix" : 
	[
		[
			971,
			0,
			1,
			1,
			0,
			2,
			9,
			1,
			5,
			3
		],
		[
			1,
			1123,
			1,
			0,
			1,
			0,
			3,
			6,
			0,
			7
		],
		[
			0,
			7,
			1016,
			8,
			2,
			0,
			0,
			26,
			4,
			3
		],
		[
			0,
			0,
			3,
			984,
			0,
			14,
			1,
			5,
			8,
			10
		],
		[
			0,
			1,
			1,
			0,
			929,
			0,
			1,
			0,
			3,
			2
		],
		[
			2,
			0,
			0,
			4,
			0,
			866,
			17,
			4,
			9,
			4
		],
		[
			3,
			3,
			0,
			0,
			6,
			4,
			925,
			0,
			2,
			0
		],
		[
			1,
			0,
			6,
			6,
			1,
			1,
			0,
			962,
			2,
			5
		],
		[
			2,
			1,
			4,
			4,
			2,
			1,
			2,
			2,
			927,
			5
		],
		[
			0,
			0,
			0,
			3,
			41,
			4,
			0,
			22,
			14,
			970
		]
	],
	"succes_result" : 96.730003356933594,
	"total_correct" : 9673,
	"total_wrong" : 327
}