{
	"class_success_rate" : 
	[
		98.571426391601562,
		99.207046508789062,
		97.965118408203125,
		98.118812561035156,
		95.213851928710938,
		97.982063293457031,
		97.2860107421875,
		95.914398193359375,
		98.357292175292969,
		97.819625854492188
	],
	"confusion_matrix" : 
	[
		[
			966,
			0,
			5,
			1,
			1,
			4,
			9,
			0,
			0,
			2
		],
		[
			0,
			1126,
			0,
			0,
			0,
			0,
			4,
			4,
			0,
			0
		],
		[
			2,
			6,
			1011,
			5,
			1,
			0,
			1,
			20,
			2,
			1
		],
		[
			0,
			0,
			3,
			991,
			0,
			8,
			0,
			11,
			1,
			1
		],
		[
			0,
			0,
			1,
			0,
			935,
			0,
			1,
			3,
			2,
			4
		],
		[
			1,
			1,
			0,
			4,
			0,
			874,
			9,
			0,
			0,
			1
		],
		[
			5,
			2,
			0,
			0,
			13,
			1,
			932,
			0,
			4,
			1
		],
		[
			1,
			0,
			6,
			4,
			0,
			1,
			0,
			986,
			2,
			5
		],
		[
			3,
			0,
			6,
			5,
			3,
			1,
			2,
			2,
			958,
			7
		],
		[
			2,
			0,
			0,
			0,
			29,
			3,
			0,
			2,
			5,
			987
		]
	],
	"succes_result" : 97.660003662109375,
	"total_correct" : 9766,
	"total_wrong" : 234
}