{
	"class_success_rate" : 
	[
		88.942771911621094,
		99.807693481445312,
		87.448562622070312,
		75.35211181640625,
		89.296638488769531,
		100,
		83.689323425292969,
		100,
		100,
		99.704437255859375
	],
	"confusion_matrix" : 
	[
		[
			917,
			0,
			3,
			12,
			4,
			0,
			19,
			0,
			0,
			0
		],
		[
			0,
			1038,
			0,
			6,
			0,
			0,
			0,
			0,
			0,
			2
		],
		[
			2,
			0,
			850,
			12,
			1,
			0,
			16,
			0,
			0,
			0
		],
		[
			22,
			0,
			18,
			749,
			34,
			0,
			109,
			0,
			0,
			0
		],
		[
			0,
			0,
			3,
			8,
			876,
			0,
			10,
			0,
			0,
			0
		],
		[
			2,
			0,
			1,
			6,
			0,
			1001,
			6,
			0,
			0,
			1
		],
		[
			82,
			0,
			94,
			160,
			64,
			0,
			862,
			0,
			0,
			0
		],
		[
			1,
			0,
			2,
			27,
			1,
			0,
			1,
			1029,
			0,
			0
		],
		[
			5,
			2,
			0,
			3,
			0,
			0,
			7,
			0,
			1021,
			0
		],
		[
			0,
			0,
			1,
			11,
			1,
			0,
			0,
			0,
			0,
			1012
		]
	],
	"succes_result" : 92.495552062988281,
	"total_correct" : 9355,
	"total_wrong" : 759
}