{
	"class_success_rate" : 
	[
		91.050582885742188,
		97.791801452636719,
		97.834648132324219,
		97.489540100097656,
		98.011924743652344,
		97.638603210449219,
		98.403190612792969,
		97.900764465332031
	],
	"confusion_matrix" : 
	[
		[
			936,
			13,
			7,
			2,
			3,
			3,
			1,
			2
		],
		[
			48,
			930,
			4,
			3,
			0,
			1,
			1,
			2
		],
		[
			5,
			2,
			994,
			6,
			1,
			2,
			0,
			5
		],
		[
			11,
			0,
			7,
			932,
			10,
			0,
			0,
			1
		],
		[
			8,
			2,
			2,
			9,
			986,
			9,
			2,
			0
		],
		[
			9,
			1,
			1,
			1,
			6,
			951,
			8,
			2
		],
		[
			5,
			3,
			1,
			1,
			0,
			7,
			986,
			10
		],
		[
			6,
			0,
			0,
			2,
			0,
			1,
			4,
			1026
		]
	],
	"succes_result" : 96.99285888671875,
	"total_correct" : 7741,
	"total_wrong" : 240
}