{
	"class_success_rate" : 
	[
		99.612030029296875,
		100,
		99.074073791503906,
		100,
		97.349639892578125,
		100,
		100,
		100,
		100,
		100
	],
	"confusion_matrix" : 
	[
		[
			1027,
			0,
			2,
			0,
			1,
			0,
			0,
			0,
			0,
			0
		],
		[
			0,
			1040,
			0,
			0,
			0,
			0,
			0,
			0,
			0,
			0
		],
		[
			0,
			0,
			963,
			0,
			0,
			0,
			0,
			0,
			0,
			0
		],
		[
			2,
			0,
			2,
			994,
			10,
			0,
			0,
			0,
			0,
			0
		],
		[
			0,
			0,
			0,
			0,
			955,
			0,
			0,
			0,
			0,
			0
		],
		[
			0,
			0,
			0,
			0,
			0,
			1001,
			0,
			0,
			0,
			0
		],
		[
			1,
			0,
			4,
			0,
			14,
			0,
			1030,
			0,
			0,
			0
		],
		[
			0,
			0,
			1,
			0,
			0,
			0,
			0,
			1029,
			0,
			0
		],
		[
			1,
			0,
			0,
			0,
			0,
			0,
			0,
			0,
			1021,
			0
		],
		[
			0,
			0,
			0,
			0,
			1,
			0,
			0,
			0,
			0,
			1015
		]
	],
	"succes_result" : 99.614395141601562,
	"total_correct" : 10075,
	"total_wrong" : 39
}