{
	"class_success_rate" : 
	[
		89.544509887695312,
		97.378639221191406,
		99.011856079101562,
		97.710716247558594,
		97.697700500488281,
		98.051284790039062,
		98.35906982421875,
		97.604789733886719
	],
	"confusion_matrix" : 
	[
		[
			865,
			7,
			1,
			2,
			1,
			0,
			0,
			4
		],
		[
			52,
			1003,
			3,
			1,
			5,
			0,
			2,
			2
		],
		[
			11,
			10,
			1002,
			10,
			2,
			1,
			2,
			1
		],
		[
			4,
			1,
			4,
			939,
			8,
			0,
			0,
			2
		],
		[
			11,
			4,
			1,
			5,
			976,
			7,
			0,
			1
		],
		[
			7,
			4,
			0,
			3,
			4,
			956,
			9,
			3
		],
		[
			9,
			1,
			1,
			1,
			0,
			9,
			1019,
			11
		],
		[
			7,
			0,
			0,
			0,
			3,
			2,
			4,
			978
		]
	],
	"succes_result" : 96.955268859863281,
	"total_correct" : 7738,
	"total_wrong" : 243
}