{
	"class_success_rate" : 
	[
		87.354087829589844,
		99.9031982421875,
		89.463783264160156,
		77.985458374023438,
		87.246963500976562,
		100,
		82.341835021972656,
		100,
		100,
		99.605133056640625
	],
	"confusion_matrix" : 
	[
		[
			898,
			0,
			3,
			10,
			2,
			0,
			13,
			0,
			0,
			1
		],
		[
			2,
			1032,
			0,
			7,
			0,
			0,
			0,
			0,
			0,
			2
		],
		[
			0,
			0,
			951,
			3,
			1,
			0,
			26,
			0,
			0,
			0
		],
		[
			19,
			0,
			12,
			751,
			33,
			0,
			123,
			0,
			0,
			1
		],
		[
			3,
			0,
			1,
			9,
			862,
			0,
			7,
			0,
			0,
			0
		],
		[
			2,
			0,
			1,
			9,
			1,
			1024,
			5,
			0,
			0,
			0
		],
		[
			103,
			0,
			93,
			134,
			86,
			0,
			872,
			0,
			0,
			0
		],
		[
			0,
			0,
			0,
			22,
			1,
			0,
			5,
			952,
			0,
			0
		],
		[
			1,
			1,
			2,
			3,
			2,
			0,
			7,
			0,
			991,
			0
		],
		[
			0,
			0,
			0,
			15,
			0,
			0,
			1,
			0,
			0,
			1009
		]
	],
	"succes_result" : 92.367019653320312,
	"total_correct" : 9342,
	"total_wrong" : 772
}