{
	"class_success_rate" : 
	[
		98.597190856933594,
		72.745697021484375,
		95.38763427734375,
		98.260871887207031,
		100
	],
	"confusion_matrix" : 
	[
		[
			984,
			223,
			0,
			0,
			0
		],
		[
			14,
			718,
			6,
			0,
			0
		],
		[
			0,
			46,
			972,
			14,
			0
		],
		[
			0,
			0,
			41,
			1017,
			0
		],
		[
			0,
			0,
			0,
			4,
			988
		]
	],
	"succes_result" : 93.077384948730469,
	"total_correct" : 4679,
	"total_wrong" : 348
}