{
	"class_success_rate" : 
	[
		99.602386474609375,
		98.124382019042969,
		99.577613830566406,
		98.620689392089844,
		98.260871887207031,
		98.42767333984375,
		99.513145446777344,
		97.832817077636719,
		98.7242431640625,
		98.226600646972656
	],
	"confusion_matrix" : 
	[
		[
			1002,
			0,
			1,
			0,
			3,
			1,
			3,
			1,
			3,
			1
		],
		[
			0,
			994,
			0,
			0,
			1,
			0,
			0,
			4,
			2,
			1
		],
		[
			0,
			3,
			943,
			1,
			2,
			1,
			0,
			5,
			3,
			0
		],
		[
			1,
			5,
			0,
			1001,
			0,
			2,
			0,
			0,
			1,
			4
		],
		[
			1,
			2,
			1,
			1,
			1017,
			1,
			1,
			4,
			0,
			5
		],
		[
			0,
			0,
			0,
			2,
			1,
			939,
			1,
			2,
			0,
			0
		],
		[
			2,
			0,
			0,
			0,
			2,
			4,
			1022,
			0,
			2,
			0
		],
		[
			0,
			4,
			1,
			5,
			0,
			0,
			0,
			948,
			0,
			4
		],
		[
			0,
			5,
			1,
			4,
			3,
			3,
			0,
			0,
			1006,
			3
		],
		[
			0,
			0,
			0,
			1,
			6,
			3,
			0,
			5,
			2,
			997
		]
	],
	"succes_result" : 98.69000244140625,
	"total_correct" : 9869,
	"total_wrong" : 131
}