{
	"class_success_rate" : 
	[
		99.694190979003906,
		100,
		99.3914794921875,
		100,
		100
	],
	"confusion_matrix" : 
	[
		[
			978,
			0,
			0,
			0,
			0
		],
		[
			3,
			1006,
			3,
			0,
			0
		],
		[
			0,
			0,
			980,
			0,
			0
		],
		[
			0,
			0,
			3,
			1014,
			0
		],
		[
			0,
			0,
			0,
			0,
			1040
		]
	],
	"succes_result" : 99.820968627929688,
	"total_correct" : 5018,
	"total_wrong" : 9
}