{
	"class_success_rate" : 
	[
		99.493927001953125,
		100,
		98.854164123535156,
		100,
		100
	],
	"confusion_matrix" : 
	[
		[
			983,
			0,
			0,
			0,
			0
		],
		[
			5,
			1053,
			5,
			0,
			0
		],
		[
			0,
			0,
			949,
			0,
			0
		],
		[
			0,
			0,
			6,
			1008,
			0
		],
		[
			0,
			0,
			0,
			0,
			1018
		]
	],
	"succes_result" : 99.681716918945312,
	"total_correct" : 5011,
	"total_wrong" : 16
}