{
	"class_success_rate" : 
	[
		99.905746459960938,
		99.37823486328125,
		99.389625549316406,
		99.13043212890625,
		99.021530151367188,
		99.239540100097656,
		99.602386474609375,
		99.383354187011719,
		99.03948974609375,
		98.44720458984375
	],
	"confusion_matrix" : 
	[
		[
			1060,
			0,
			0,
			0,
			0,
			1,
			2,
			0,
			1,
			3
		],
		[
			0,
			959,
			0,
			0,
			1,
			0,
			0,
			2,
			1,
			0
		],
		[
			0,
			5,
			977,
			4,
			0,
			0,
			0,
			1,
			0,
			0
		],
		[
			0,
			0,
			1,
			1026,
			0,
			1,
			0,
			0,
			0,
			1
		],
		[
			0,
			0,
			2,
			0,
			1012,
			1,
			0,
			0,
			1,
			4
		],
		[
			0,
			0,
			0,
			1,
			0,
			1044,
			1,
			0,
			1,
			1
		],
		[
			1,
			0,
			0,
			0,
			1,
			4,
			1002,
			0,
			1,
			0
		],
		[
			0,
			0,
			1,
			3,
			0,
			0,
			0,
			967,
			1,
			4
		],
		[
			0,
			1,
			2,
			1,
			0,
			1,
			1,
			0,
			928,
			2
		],
		[
			0,
			0,
			0,
			0,
			8,
			0,
			0,
			3,
			3,
			951
		]
	],
	"succes_result" : 99.260002136230469,
	"total_correct" : 9926,
	"total_wrong" : 74
}