{
	"class_success_rate" : 
	[
		99.795921325683594,
		99.647575378417969,
		99.321708679199219,
		99.009902954101562,
		98.879837036132812,
		99.327354431152344,
		98.851776123046875,
		99.319068908691406,
		99.178642272949219,
		98.414268493652344
	],
	"confusion_matrix" : 
	[
		[
			978,
			0,
			1,
			0,
			0,
			1,
			3,
			0,
			1,
			2
		],
		[
			0,
			1131,
			0,
			0,
			0,
			0,
			3,
			3,
			0,
			0
		],
		[
			0,
			3,
			1025,
			3,
			0,
			0,
			1,
			4,
			1,
			0
		],
		[
			0,
			0,
			0,
			1000,
			0,
			3,
			0,
			0,
			1,
			1
		],
		[
			0,
			0,
			1,
			0,
			971,
			0,
			0,
			0,
			2,
			4
		],
		[
			0,
			0,
			0,
			3,
			0,
			886,
			2,
			0,
			1,
			3
		],
		[
			0,
			0,
			0,
			0,
			2,
			1,
			947,
			0,
			0,
			0
		],
		[
			1,
			1,
			4,
			2,
			0,
			1,
			0,
			1021,
			0,
			5
		],
		[
			1,
			0,
			1,
			2,
			0,
			0,
			2,
			0,
			966,
			1
		],
		[
			0,
			0,
			0,
			0,
			9,
			0,
			0,
			0,
			2,
			993
		]
	],
	"succes_result" : 99.180000305175781,
	"total_correct" : 9918,
	"total_wrong" : 82
}