{
	"class_success_rate" : 
	[
		99.224807739257812,
		97.860466003417969,
		97.927459716796875,
		96.58203125,
		95.532997131347656,
		96.084335327148438,
		98.293174743652344,
		96,
		95.162879943847656,
		95.404815673828125
	],
	"confusion_matrix" : 
	[
		[
			1024,
			0,
			1,
			1,
			1,
			2,
			3,
			0,
			4,
			1
		],
		[
			1,
			1052,
			2,
			1,
			2,
			8,
			1,
			6,
			4,
			2
		],
		[
			1,
			13,
			945,
			11,
			3,
			2,
			1,
			12,
			6,
			0
		],
		[
			0,
			1,
			6,
			989,
			0,
			1,
			0,
			3,
			5,
			18
		],
		[
			0,
			1,
			0,
			0,
			941,
			0,
			1,
			7,
			3,
			8
		],
		[
			1,
			0,
			0,
			5,
			0,
			957,
			9,
			0,
			3,
			3
		],
		[
			5,
			5,
			0,
			0,
			7,
			17,
			979,
			0,
			3,
			1
		],
		[
			0,
			2,
			9,
			8,
			1,
			1,
			0,
			960,
			2,
			4
		],
		[
			0,
			0,
			2,
			6,
			2,
			5,
			2,
			0,
			964,
			5
		],
		[
			0,
			1,
			0,
			3,
			28,
			3,
			0,
			12,
			19,
			872
		]
	],
	"succes_result" : 96.830001831054688,
	"total_correct" : 9683,
	"total_wrong" : 317
}