{
	"class_success_rate" : 
	[
		99.081634521484375,
		98.854621887207031,
		97.383720397949219,
		98.019798278808594,
		96.232177734375,
		95.852020263671875,
		97.807929992675781,
		96.498054504394531,
		96.509239196777344,
		95.83746337890625
	],
	"confusion_matrix" : 
	[
		[
			971,
			0,
			4,
			0,
			0,
			1,
			4,
			0,
			5,
			5
		],
		[
			0,
			1122,
			2,
			0,
			0,
			3,
			3,
			9,
			0,
			6
		],
		[
			1,
			6,
			1005,
			4,
			2,
			1,
			0,
			14,
			1,
			0
		],
		[
			0,
			0,
			2,
			990,
			0,
			14,
			0,
			6,
			2,
			8
		],
		[
			1,
			1,
			0,
			0,
			945,
			0,
			2,
			1,
			5,
			9
		],
		[
			1,
			0,
			0,
			2,
			0,
			855,
			10,
			0,
			5,
			2
		],
		[
			5,
			4,
			2,
			0,
			4,
			12,
			937,
			0,
			4,
			0
		],
		[
			0,
			1,
			7,
			6,
			0,
			3,
			0,
			992,
			4,
			6
		],
		[
			1,
			1,
			10,
			6,
			2,
			3,
			2,
			1,
			940,
			6
		],
		[
			0,
			0,
			0,
			2,
			29,
			0,
			0,
			5,
			8,
			967
		]
	],
	"succes_result" : 97.239997863769531,
	"total_correct" : 9724,
	"total_wrong" : 276
}