{
	"class_success_rate" : 
	[
		100,
		100,
		99.898582458496094,
		100,
		100
	],
	"confusion_matrix" : 
	[
		[
			1030,
			0,
			0,
			0,
			0
		],
		[
			0,
			973,
			1,
			0,
			0
		],
		[
			0,
			0,
			985,
			0,
			0
		],
		[
			0,
			0,
			0,
			1023,
			0
		],
		[
			0,
			0,
			0,
			0,
			1015
		]
	],
	"succes_result" : 99.980110168457031,
	"total_correct" : 5026,
	"total_wrong" : 1
}