{
	"class_success_rate" : 
	[
		99.898788452148438,
		100,
		99.791664123535156,
		100,
		100
	],
	"confusion_matrix" : 
	[
		[
			987,
			0,
			0,
			0,
			0
		],
		[
			1,
			1053,
			2,
			0,
			0
		],
		[
			0,
			0,
			958,
			0,
			0
		],
		[
			0,
			0,
			0,
			1008,
			0
		],
		[
			0,
			0,
			0,
			0,
			1018
		]
	],
	"succes_result" : 99.940322875976562,
	"total_correct" : 5024,
	"total_wrong" : 3
}