{
	"class_success_rate" : 
	[
		99.591835021972656,
		99.295150756835938,
		98.643409729003906,
		98.910888671875,
		97.963340759277344,
		98.5426025390625,
		98.329856872558594,
		97.957199096679688,
		98.357292175292969,
		96.927650451660156
	],
	"confusion_matrix" : 
	[
		[
			976,
			0,
			4,
			0,
			1,
			1,
			3,
			0,
			2,
			9
		],
		[
			0,
			1127,
			1,
			0,
			0,
			0,
			3,
			8,
			0,
			4
		],
		[
			0,
			3,
			1018,
			1,
			1,
			0,
			0,
			11,
			1,
			0
		],
		[
			0,
			2,
			1,
			999,
			0,
			5,
			0,
			2,
			1,
			2
		],
		[
			0,
			1,
			1,
			0,
			962,
			1,
			3,
			0,
			2,
			7
		],
		[
			1,
			0,
			0,
			3,
			0,
			879,
			6,
			0,
			2,
			3
		],
		[
			1,
			1,
			1,
			0,
			4,
			3,
			942,
			0,
			1,
			0
		],
		[
			1,
			1,
			6,
			6,
			0,
			2,
			0,
			1007,
			1,
			5
		],
		[
			1,
			0,
			0,
			1,
			1,
			1,
			1,
			0,
			958,
			1
		],
		[
			0,
			0,
			0,
			0,
			13,
			0,
			0,
			0,
			6,
			978
		]
	],
	"succes_result" : 98.459999084472656,
	"total_correct" : 9846,
	"total_wrong" : 154
}