{
	"class_success_rate" : 
	[
		99.4493408203125,
		97.63079833984375,
		97.024955749511719,
		96.594131469726562,
		96.618850708007812,
		98.098861694335938,
		96.796798706054688,
		94.985252380371094,
		94.238685607910156,
		94.5020751953125
	],
	"confusion_matrix" : 
	[
		[
			903,
			0,
			4,
			3,
			1,
			1,
			6,
			7,
			9,
			9
		],
		[
			0,
			989,
			2,
			3,
			6,
			4,
			1,
			5,
			9,
			3
		],
		[
			0,
			7,
			1011,
			10,
			1,
			0,
			0,
			18,
			1,
			0
		],
		[
			0,
			2,
			2,
			1021,
			0,
			1,
			0,
			7,
			1,
			7
		],
		[
			0,
			6,
			1,
			0,
			943,
			0,
			0,
			4,
			5,
			14
		],
		[
			0,
			1,
			0,
			5,
			0,
			1032,
			22,
			0,
			14,
			4
		],
		[
			3,
			6,
			1,
			1,
			2,
			10,
			967,
			0,
			2,
			0
		],
		[
			0,
			1,
			9,
			7,
			1,
			0,
			0,
			966,
			1,
			10
		],
		[
			2,
			0,
			10,
			5,
			0,
			4,
			3,
			0,
			916,
			6
		],
		[
			0,
			1,
			2,
			2,
			22,
			0,
			0,
			10,
			14,
			911
		]
	],
	"succes_result" : 96.589996337890625,
	"total_correct" : 9659,
	"total_wrong" : 341
}