{
	"class_success_rate" : 
	[
		99.081634521484375,
		98.942733764648438,
		96.124031066894531,
		97.22772216796875,
		97.556007385253906,
		97.645736694335938,
		96.868476867675781,
		94.552528381347656,
		97.330596923828125,
		94.747276306152344
	],
	"confusion_matrix" : 
	[
		[
			971,
			0,
			10,
			1,
			0,
			2,
			8,
			2,
			7,
			8
		],
		[
			0,
			1123,
			1,
			0,
			0,
			1,
			3,
			11,
			1,
			5
		],
		[
			1,
			6,
			992,
			4,
			1,
			0,
			1,
			17,
			2,
			1
		],
		[
			0,
			2,
			5,
			982,
			0,
			7,
			0,
			4,
			1,
			4
		],
		[
			2,
			2,
			3,
			0,
			958,
			3,
			3,
			10,
			4,
			12
		],
		[
			1,
			1,
			1,
			6,
			0,
			871,
			12,
			0,
			2,
			6
		],
		[
			3,
			1,
			0,
			0,
			4,
			2,
			928,
			0,
			1,
			1
		],
		[
			0,
			0,
			10,
			8,
			0,
			2,
			0,
			972,
			1,
			5
		],
		[
			2,
			0,
			10,
			7,
			4,
			4,
			3,
			4,
			948,
			11
		],
		[
			0,
			0,
			0,
			2,
			15,
			0,
			0,
			8,
			7,
			956
		]
	],
	"succes_result" : 97.010002136230469,
	"total_correct" : 9701,
	"total_wrong" : 299
}