{
	"class_success_rate" : 
	[
		99.591835021972656,
		99.295150756835938,
		99.127906799316406,
		99.207923889160156,
		98.676170349121094,
		99.103141784667969,
		98.747390747070312,
		98.2490234375,
		99.178642272949219,
		97.819625854492188
	],
	"confusion_matrix" : 
	[
		[
			976,
			0,
			1,
			0,
			1,
			1,
			7,
			0,
			2,
			1
		],
		[
			1,
			1127,
			1,
			0,
			0,
			0,
			2,
			3,
			0,
			1
		],
		[
			0,
			2,
			1023,
			2,
			0,
			0,
			0,
			13,
			0,
			0
		],
		[
			0,
			2,
			1,
			1002,
			0,
			5,
			0,
			0,
			0,
			2
		],
		[
			1,
			0,
			0,
			0,
			969,
			0,
			1,
			1,
			1,
			8
		],
		[
			0,
			1,
			0,
			2,
			0,
			884,
			2,
			0,
			1,
			2
		],
		[
			0,
			1,
			1,
			0,
			1,
			1,
			946,
			0,
			0,
			0
		],
		[
			1,
			2,
			3,
			3,
			0,
			1,
			0,
			1010,
			1,
			5
		],
		[
			1,
			0,
			2,
			1,
			1,
			0,
			0,
			0,
			966,
			3
		],
		[
			0,
			0,
			0,
			0,
			10,
			0,
			0,
			1,
			3,
			987
		]
	],
	"succes_result" : 98.900001525878906,
	"total_correct" : 9890,
	"total_wrong" : 110
}