{
	"class_success_rate" : 
	[
		100,
		98.563217163085938,
		98.57550048828125,
		98.929962158203125,
		98.761611938476562,
		99.361701965332031,
		99.278350830078125,
		98.892242431640625,
		99.287895202636719,
		98.715415954589844
	],
	"confusion_matrix" : 
	[
		[
			1008,
			0,
			0,
			1,
			0,
			1,
			4,
			1,
			0,
			0
		],
		[
			0,
			1029,
			1,
			0,
			2,
			0,
			0,
			2,
			1,
			1
		],
		[
			0,
			7,
			1038,
			3,
			1,
			0,
			0,
			5,
			0,
			0
		],
		[
			0,
			0,
			3,
			1017,
			0,
			2,
			0,
			1,
			1,
			0
		],
		[
			0,
			1,
			1,
			0,
			957,
			0,
			2,
			2,
			1,
			4
		],
		[
			0,
			0,
			0,
			2,
			0,
			934,
			0,
			0,
			1,
			2
		],
		[
			0,
			0,
			0,
			0,
			1,
			1,
			963,
			0,
			1,
			0
		],
		[
			0,
			5,
			4,
			2,
			1,
			0,
			0,
			982,
			0,
			3
		],
		[
			0,
			2,
			5,
			3,
			0,
			2,
			1,
			0,
			976,
			3
		],
		[
			0,
			0,
			1,
			0,
			7,
			0,
			0,
			0,
			2,
			999
		]
	],
	"succes_result" : 99.029998779296875,
	"total_correct" : 9903,
	"total_wrong" : 97
}