{
	"class_success_rate" : 
	[
		99.081634521484375,
		98.854621887207031,
		96.608528137207031,
		96.930694580078125,
		97.046844482421875,
		97.421524047851562,
		96.3465576171875,
		95.23345947265625,
		95.4825439453125,
		94.846382141113281
	],
	"confusion_matrix" : 
	[
		[
			971,
			0,
			9,
			0,
			0,
			1,
			7,
			1,
			11,
			13
		],
		[
			0,
			1122,
			1,
			0,
			1,
			0,
			4,
			10,
			1,
			6
		],
		[
			0,
			6,
			997,
			7,
			1,
			0,
			1,
			22,
			2,
			0
		],
		[
			0,
			0,
			5,
			979,
			0,
			8,
			0,
			4,
			1,
			4
		],
		[
			0,
			1,
			1,
			0,
			953,
			1,
			1,
			3,
			9,
			11
		],
		[
			1,
			0,
			0,
			8,
			0,
			869,
			20,
			0,
			3,
			4
		],
		[
			6,
			6,
			1,
			0,
			6,
			10,
			923,
			0,
			4,
			0
		],
		[
			0,
			0,
			11,
			11,
			0,
			1,
			0,
			979,
			3,
			9
		],
		[
			2,
			0,
			6,
			3,
			2,
			1,
			2,
			2,
			930,
			5
		],
		[
			0,
			0,
			1,
			2,
			19,
			1,
			0,
			7,
			10,
			957
		]
	],
	"succes_result" : 96.800003051757812,
	"total_correct" : 9680,
	"total_wrong" : 320
}