{
	"class_success_rate" : 
	[
		97.894737243652344,
		98.080612182617188,
		95.824844360351562,
		97.425331115722656,
		98.719215393066406,
		97.693077087402344,
		98.190956115722656,
		94.736839294433594,
		97.214218139648438,
		96.565261840820312
	],
	"confusion_matrix" : 
	[
		[
			930,
			0,
			6,
			0,
			0,
			3,
			3,
			5,
			3,
			8
		],
		[
			0,
			1022,
			3,
			1,
			3,
			4,
			0,
			8,
			4,
			2
		],
		[
			0,
			10,
			941,
			2,
			0,
			1,
			0,
			6,
			3,
			0
		],
		[
			0,
			1,
			4,
			946,
			0,
			3,
			0,
			4,
			1,
			3
		],
		[
			1,
			4,
			3,
			2,
			1002,
			2,
			2,
			14,
			6,
			5
		],
		[
			3,
			0,
			0,
			5,
			0,
			974,
			11,
			1,
			3,
			5
		],
		[
			7,
			1,
			0,
			1,
			3,
			2,
			977,
			0,
			2,
			0
		],
		[
			0,
			3,
			8,
			8,
			0,
			0,
			0,
			936,
			1,
			4
		],
		[
			7,
			0,
			15,
			2,
			0,
			6,
			2,
			2,
			1012,
			8
		],
		[
			2,
			1,
			2,
			4,
			7,
			2,
			0,
			12,
			6,
			984
		]
	],
	"succes_result" : 97.239997863769531,
	"total_correct" : 9724,
	"total_wrong" : 276
}