{
	"class_success_rate" : 
	[
		100,
		99.911895751953125,
		100,
		99.801979064941406,
		100,
		100,
		99.791229248046875,
		99.513618469238281,
		100,
		99.603569030761719
	],
	"confusion_matrix" : 
	[
		[
			980,
			0,
			0,
			0,
			0,
			0,
			1,
			0,
			0,
			1
		],
		[
			0,
			1134,
			0,
			0,
			0,
			0,
			0,
			1,
			0,
			0
		],
		[
			0,
			1,
			1032,
			1,
			0,
			0,
			0,
			2,
			0,
			0
		],
		[
			0,
			0,
			0,
			1008,
			0,
			0,
			0,
			0,
			0,
			2
		],
		[
			0,
			0,
			0,
			0,
			982,
			0,
			0,
			0,
			0,
			0
		],
		[
			0,
			0,
			0,
			0,
			0,
			892,
			1,
			0,
			0,
			0
		],
		[
			0,
			0,
			0,
			0,
			0,
			0,
			956,
			0,
			0,
			0
		],
		[
			0,
			0,
			0,
			1,
			0,
			0,
			0,
			1023,
			0,
			1
		],
		[
			0,
			0,
			0,
			0,
			0,
			0,
			0,
			0,
			974,
			0
		],
		[
			0,
			0,
			0,
			0,
			0,
			0,
			0,
			2,
			0,
			1005
		]
	],
	"succes_result" : 99.860000610351562,
	"total_correct" : 9986,
	"total_wrong" : 14
}