{
	"class_success_rate" : 
	[
		96,
		99.699996948242188,
		94.599998474121094,
		90.099998474121094,
		95,
		94.300003051757812,
		97.099998474121094,
		96.300003051757812,
		97.699996948242188,
		97.699996948242188
	],
	"confusion_matrix" : 
	[
		[
			960,
			1,
			6,
			9,
			5,
			11,
			1,
			6,
			8,
			3
		],
		[
			7,
			997,
			1,
			3,
			2,
			3,
			3,
			1,
			2,
			4
		],
		[
			2,
			0,
			946,
			13,
			8,
			5,
			5,
			2,
			5,
			2
		],
		[
			2,
			0,
			6,
			901,
			8,
			8,
			8,
			6,
			0,
			4
		],
		[
			1,
			0,
			2,
			9,
			950,
			9,
			3,
			6,
			1,
			2
		],
		[
			4,
			0,
			8,
			18,
			7,
			943,
			3,
			7,
			1,
			0
		],
		[
			2,
			1,
			10,
			14,
			6,
			6,
			971,
			1,
			0,
			1
		],
		[
			5,
			1,
			11,
			15,
			8,
			6,
			3,
			963,
			1,
			4
		],
		[
			11,
			0,
			5,
			10,
			3,
			3,
			2,
			1,
			977,
			3
		],
		[
			6,
			0,
			5,
			8,
			3,
			6,
			1,
			7,
			5,
			977
		]
	],
	"succes_result" : 95.849998474121094,
	"total_correct" : 9585,
	"total_wrong" : 415
}