{
	"class_success_rate" : 
	[
		70.300003051757812,
		84.800003051757812,
		50.799999237060547,
		37.5,
		55,
		57.599998474121094,
		82.099998474121094,
		74.599998474121094,
		82.900001525878906,
		76.800003051757812
	],
	"confusion_matrix" : 
	[
		[
			703,
			16,
			100,
			37,
			44,
			25,
			8,
			23,
			62,
			35
		],
		[
			32,
			848,
			14,
			13,
			8,
			11,
			14,
			7,
			43,
			108
		],
		[
			54,
			3,
			508,
			67,
			65,
			61,
			46,
			25,
			11,
			7
		],
		[
			9,
			5,
			39,
			375,
			50,
			125,
			27,
			38,
			3,
			11
		],
		[
			8,
			5,
			91,
			70,
			550,
			49,
			32,
			56,
			4,
			7
		],
		[
			10,
			3,
			81,
			182,
			35,
			576,
			21,
			52,
			2,
			8
		],
		[
			12,
			14,
			81,
			133,
			114,
			51,
			821,
			14,
			7,
			14
		],
		[
			17,
			6,
			47,
			50,
			102,
			64,
			14,
			746,
			6,
			17
		],
		[
			103,
			19,
			22,
			32,
			18,
			20,
			9,
			5,
			829,
			25
		],
		[
			52,
			81,
			17,
			41,
			14,
			18,
			8,
			34,
			33,
			768
		]
	],
	"succes_result" : 67.239997863769531,
	"total_correct" : 6724,
	"total_wrong" : 3276
}