{
	"class_success_rate" : 
	[
		71.267890930175781,
		85.966636657714844,
		54.158607482910156,
		41.274818420410156,
		60.080646514892578,
		62.629398345947266,
		83.299179077148438,
		77.3475341796875,
		86.619720458984375,
		78.306373596191406
	],
	"confusion_matrix" : 
	[
		[
			697,
			20,
			94,
			25,
			48,
			10,
			14,
			20,
			43,
			31
		],
		[
			41,
			876,
			25,
			18,
			13,
			9,
			10,
			9,
			29,
			105
		],
		[
			49,
			3,
			560,
			67,
			51,
			43,
			33,
			27,
			7,
			8
		],
		[
			9,
			1,
			40,
			395,
			41,
			104,
			23,
			30,
			5,
			13
		],
		[
			8,
			3,
			74,
			56,
			596,
			41,
			28,
			52,
			9,
			5
		],
		[
			11,
			4,
			70,
			152,
			33,
			605,
			13,
			54,
			6,
			10
		],
		[
			6,
			13,
			86,
			130,
			87,
			53,
			813,
			8,
			7,
			16
		],
		[
			22,
			7,
			45,
			48,
			97,
			75,
			15,
			799,
			3,
			19
		],
		[
			87,
			17,
			22,
			35,
			16,
			7,
			10,
			7,
			861,
			21
		],
		[
			48,
			75,
			18,
			31,
			10,
			19,
			17,
			27,
			24,
			823
		]
	],
	"succes_result" : 70.25,
	"total_correct" : 7025,
	"total_wrong" : 2975
}