{
	"class_success_rate" : 
	[
		97.034767150878906,
		99.411186218261719,
		95.067695617675781,
		92.371994018554688,
		95.463706970214844,
		96.273292541503906,
		98.36065673828125,
		98.160697937011719,
		98.792755126953125,
		98.287345886230469
	],
	"confusion_matrix" : 
	[
		[
			949,
			0,
			1,
			5,
			9,
			2,
			2,
			2,
			4,
			0
		],
		[
			2,
			1013,
			3,
			5,
			1,
			1,
			2,
			0,
			2,
			4
		],
		[
			4,
			2,
			983,
			12,
			3,
			3,
			3,
			3,
			0,
			2
		],
		[
			1,
			0,
			10,
			884,
			5,
			7,
			2,
			5,
			1,
			2
		],
		[
			4,
			0,
			3,
			8,
			947,
			7,
			0,
			2,
			0,
			1
		],
		[
			2,
			3,
			5,
			7,
			6,
			930,
			1,
			2,
			1,
			3
		],
		[
			0,
			0,
			11,
			14,
			5,
			4,
			960,
			3,
			0,
			1
		],
		[
			4,
			1,
			9,
			11,
			10,
			10,
			2,
			1014,
			1,
			2
		],
		[
			7,
			0,
			4,
			4,
			4,
			0,
			2,
			0,
			982,
			3
		],
		[
			5,
			0,
			5,
			7,
			2,
			2,
			2,
			2,
			3,
			1033
		]
	],
	"succes_result" : 96.949996948242188,
	"total_correct" : 9695,
	"total_wrong" : 305
}