{
	"class_success_rate" : 
	[
		73.332000732421875,
		79.555465698242188
	],
	"confusion_matrix" : 
	[
		[
			3671,
			1021
		],
		[
			1335,
			3973
		]
	],
	"succes_result" : 76.44000244140625,
	"total_correct" : 7644,
	"total_wrong" : 2356
}