{
	"class_success_rate" : 
	[
		74.95477294921875,
		79.104476928710938
	],
	"confusion_matrix" : 
	[
		[
			3729,
			1050
		],
		[
			1246,
			3975
		]
	],
	"succes_result" : 77.040000915527344,
	"total_correct" : 7704,
	"total_wrong" : 2296
}