{
	"class_success_rate" : 
	[
		99.38775634765625,
		99.030838012695312,
		96.414726257324219,
		98.019798278808594,
		97.046844482421875,
		96.412559509277344,
		96.868476867675781,
		93.579765319824219,
		95.277206420898438,
		95.143707275390625
	],
	"confusion_matrix" : 
	[
		[
			974,
			0,
			9,
			1,
			0,
			4,
			10,
			3,
			12,
			10
		],
		[
			0,
			1124,
			3,
			0,
			0,
			1,
			3,
			13,
			0,
			6
		],
		[
			1,
			2,
			995,
			4,
			2,
			0,
			1,
			17,
			4,
			0
		],
		[
			0,
			2,
			5,
			990,
			0,
			10,
			0,
			7,
			4,
			10
		],
		[
			0,
			1,
			4,
			0,
			953,
			0,
			3,
			6,
			6,
			8
		],
		[
			1,
			0,
			0,
			2,
			0,
			860,
			11,
			0,
			3,
			5
		],
		[
			2,
			4,
			2,
			0,
			5,
			10,
			928,
			0,
			2,
			1
		],
		[
			1,
			0,
			5,
			9,
			0,
			1,
			0,
			962,
			4,
			5
		],
		[
			1,
			2,
			8,
			1,
			2,
			4,
			2,
			5,
			928,
			4
		],
		[
			0,
			0,
			1,
			3,
			20,
			2,
			0,
			15,
			11,
			960
		]
	],
	"succes_result" : 96.739997863769531,
	"total_correct" : 9674,
	"total_wrong" : 326
}