{
	"class_success_rate" : 
	[
		99.285713195800781,
		99.383262634277344,
		98.449615478515625,
		98.31683349609375,
		97.759674072265625,
		98.318382263183594,
		97.390396118164062,
		97.081710815429688,
		97.535934448242188,
		96.729438781738281
	],
	"confusion_matrix" : 
	[
		[
			973,
			0,
			2,
			0,
			1,
			2,
			9,
			0,
			4,
			5
		],
		[
			1,
			1128,
			1,
			0,
			0,
			0,
			3,
			7,
			1,
			6
		],
		[
			0,
			2,
			1016,
			1,
			0,
			0,
			2,
			9,
			2,
			0
		],
		[
			0,
			2,
			1,
			993,
			0,
			6,
			0,
			5,
			1,
			9
		],
		[
			0,
			1,
			1,
			0,
			960,
			0,
			1,
			2,
			1,
			7
		],
		[
			2,
			0,
			0,
			4,
			0,
			877,
			9,
			1,
			6,
			3
		],
		[
			2,
			1,
			0,
			0,
			5,
			6,
			933,
			0,
			0,
			0
		],
		[
			1,
			0,
			8,
			10,
			0,
			1,
			0,
			998,
			2,
			3
		],
		[
			1,
			1,
			3,
			2,
			3,
			0,
			1,
			2,
			950,
			0
		],
		[
			0,
			0,
			0,
			0,
			13,
			0,
			0,
			4,
			7,
			976
		]
	],
	"succes_result" : 98.040000915527344,
	"total_correct" : 9804,
	"total_wrong" : 196
}