{
	"class_success_rate" : 
	[
		99.897956848144531,
		100,
		100,
		99.702972412109375,
		100,
		99.887893676757812,
		99.895614624023438,
		99.610893249511719,
		99.897331237792969,
		99.603569030761719
	],
	"confusion_matrix" : 
	[
		[
			979,
			0,
			0,
			0,
			0,
			0,
			0,
			0,
			1,
			1
		],
		[
			0,
			1135,
			0,
			0,
			0,
			0,
			0,
			0,
			0,
			1
		],
		[
			1,
			0,
			1032,
			1,
			0,
			0,
			0,
			2,
			0,
			0
		],
		[
			0,
			0,
			0,
			1007,
			0,
			0,
			0,
			0,
			0,
			2
		],
		[
			0,
			0,
			0,
			0,
			982,
			0,
			0,
			0,
			0,
			0
		],
		[
			0,
			0,
			0,
			0,
			0,
			891,
			1,
			0,
			0,
			0
		],
		[
			0,
			0,
			0,
			0,
			0,
			1,
			957,
			0,
			0,
			0
		],
		[
			0,
			0,
			0,
			2,
			0,
			0,
			0,
			1024,
			0,
			0
		],
		[
			0,
			0,
			0,
			0,
			0,
			0,
			0,
			0,
			973,
			0
		],
		[
			0,
			0,
			0,
			0,
			0,
			0,
			0,
			2,
			0,
			1005
		]
	],
	"succes_result" : 99.849998474121094,
	"total_correct" : 9985,
	"total_wrong" : 15
}