{
	"class_success_rate" : 
	[
		99.611274719238281,
		98.513381958007812,
		98.486373901367188,
		97.782257080078125,
		97.233200073242188,
		98.329856872558594,
		98.501495361328125,
		97.160240173339844,
		96.777442932128906,
		96.501457214355469
	],
	"confusion_matrix" : 
	[
		[
			1025,
			1,
			1,
			0,
			1,
			1,
			2,
			0,
			0,
			4
		],
		[
			2,
			994,
			5,
			0,
			3,
			0,
			1,
			7,
			3,
			1
		],
		[
			0,
			9,
			976,
			6,
			2,
			1,
			0,
			5,
			3,
			0
		],
		[
			0,
			1,
			1,
			970,
			0,
			4,
			0,
			6,
			2,
			9
		],
		[
			0,
			0,
			4,
			0,
			984,
			3,
			0,
			5,
			4,
			11
		],
		[
			1,
			0,
			0,
			7,
			0,
			942,
			12,
			0,
			7,
			0
		],
		[
			0,
			1,
			0,
			0,
			4,
			6,
			986,
			0,
			3,
			0
		],
		[
			1,
			2,
			4,
			7,
			3,
			0,
			0,
			958,
			1,
			8
		],
		[
			0,
			1,
			0,
			1,
			2,
			0,
			0,
			3,
			961,
			3
		],
		[
			0,
			0,
			0,
			1,
			13,
			1,
			0,
			2,
			9,
			993
		]
	],
	"succes_result" : 97.889999389648438,
	"total_correct" : 9789,
	"total_wrong" : 211
}