{
	"class_success_rate" : 
	[
		99.060539245605469,
		98.14453125,
		98.556304931640625,
		97.336067199707031,
		98.223098754882812,
		97.660820007324219,
		98.109245300292969,
		97.9228515625,
		98.533721923828125,
		94.989776611328125
	],
	"confusion_matrix" : 
	[
		[
			949,
			0,
			2,
			0,
			0,
			1,
			1,
			1,
			0,
			2
		],
		[
			1,
			1005,
			2,
			0,
			3,
			3,
			1,
			0,
			1,
			2
		],
		[
			0,
			16,
			1024,
			8,
			0,
			0,
			2,
			8,
			2,
			0
		],
		[
			0,
			0,
			2,
			950,
			0,
			7,
			0,
			2,
			0,
			12
		],
		[
			0,
			2,
			3,
			0,
			995,
			3,
			0,
			2,
			2,
			3
		],
		[
			1,
			0,
			0,
			5,
			0,
			1002,
			9,
			0,
			3,
			3
		],
		[
			5,
			1,
			0,
			0,
			3,
			10,
			934,
			1,
			2,
			0
		],
		[
			0,
			0,
			4,
			3,
			1,
			0,
			0,
			990,
			1,
			11
		],
		[
			2,
			0,
			2,
			8,
			0,
			0,
			4,
			2,
			1008,
			16
		],
		[
			0,
			0,
			0,
			2,
			11,
			0,
			1,
			5,
			4,
			929
		]
	],
	"succes_result" : 97.860000610351562,
	"total_correct" : 9786,
	"total_wrong" : 214
}