{
	"class_success_rate" : 
	[
		99.285713195800781,
		99.471366882324219,
		98.5465087890625,
		97.821784973144531,
		98.065170288085938,
		97.421524047851562,
		97.599166870117188,
		96.887161254882812,
		98.049278259277344,
		96.134788513183594
	],
	"confusion_matrix" : 
	[
		[
			973,
			0,
			1,
			0,
			1,
			2,
			6,
			0,
			2,
			3
		],
		[
			1,
			1129,
			0,
			0,
			0,
			0,
			3,
			7,
			0,
			5
		],
		[
			0,
			4,
			1017,
			3,
			2,
			1,
			1,
			12,
			2,
			1
		],
		[
			0,
			1,
			5,
			988,
			0,
			9,
			0,
			4,
			3,
			7
		],
		[
			0,
			0,
			0,
			0,
			963,
			1,
			1,
			2,
			1,
			6
		],
		[
			1,
			0,
			0,
			6,
			0,
			869,
			11,
			0,
			2,
			5
		],
		[
			3,
			1,
			0,
			0,
			3,
			7,
			935,
			0,
			2,
			0
		],
		[
			1,
			0,
			6,
			8,
			0,
			2,
			0,
			996,
			2,
			6
		],
		[
			1,
			0,
			3,
			5,
			3,
			0,
			1,
			2,
			955,
			6
		],
		[
			0,
			0,
			0,
			0,
			10,
			1,
			0,
			5,
			5,
			970
		]
	],
	"succes_result" : 97.949996948242188,
	"total_correct" : 9795,
	"total_wrong" : 205
}