{
	"class_success_rate" : 
	[
		99.900596618652344,
		99.682540893554688,
		99.607460021972656,
		100,
		100,
		99.89990234375,
		100,
		99.807136535644531,
		99.899093627929688,
		99.693878173828125
	],
	"confusion_matrix" : 
	[
		[
			1005,
			0,
			1,
			0,
			0,
			0,
			0,
			0,
			1,
			1
		],
		[
			0,
			942,
			0,
			0,
			0,
			0,
			0,
			0,
			0,
			0
		],
		[
			0,
			2,
			1015,
			0,
			0,
			0,
			0,
			0,
			0,
			0
		],
		[
			0,
			0,
			0,
			1008,
			0,
			0,
			0,
			0,
			0,
			0
		],
		[
			0,
			1,
			2,
			0,
			970,
			0,
			0,
			2,
			0,
			0
		],
		[
			0,
			0,
			0,
			0,
			0,
			998,
			0,
			0,
			0,
			0
		],
		[
			1,
			0,
			0,
			0,
			0,
			1,
			1045,
			0,
			0,
			0
		],
		[
			0,
			0,
			0,
			0,
			0,
			0,
			0,
			1035,
			0,
			1
		],
		[
			0,
			0,
			1,
			0,
			0,
			0,
			0,
			0,
			990,
			1
		],
		[
			0,
			0,
			0,
			0,
			0,
			0,
			0,
			0,
			0,
			977
		]
	],
	"succes_result" : 99.849998474121094,
	"total_correct" : 9985,
	"total_wrong" : 15
}