{
	"class_success_rate" : 
	[
		98.608352661132812,
		97.989418029785156,
		96.859664916992188,
		97.916664123535156,
		97.628868103027344,
		97.297294616699219,
		97.224884033203125,
		95.371261596679688,
		95.560043334960938,
		96.020408630371094
	],
	"confusion_matrix" : 
	[
		[
			992,
			0,
			4,
			0,
			0,
			2,
			6,
			6,
			7,
			10
		],
		[
			1,
			926,
			2,
			0,
			1,
			2,
			2,
			5,
			4,
			2
		],
		[
			1,
			11,
			987,
			12,
			1,
			1,
			1,
			10,
			4,
			0
		],
		[
			1,
			1,
			4,
			987,
			0,
			10,
			0,
			1,
			4,
			8
		],
		[
			1,
			3,
			6,
			0,
			947,
			1,
			4,
			9,
			4,
			4
		],
		[
			1,
			0,
			0,
			3,
			0,
			972,
			10,
			2,
			6,
			1
		],
		[
			4,
			1,
			0,
			0,
			0,
			8,
			1016,
			0,
			4,
			0
		],
		[
			0,
			1,
			4,
			1,
			1,
			0,
			0,
			989,
			1,
			11
		],
		[
			5,
			1,
			11,
			1,
			4,
			1,
			6,
			0,
			947,
			3
		],
		[
			0,
			1,
			1,
			4,
			16,
			2,
			0,
			15,
			10,
			941
		]
	],
	"succes_result" : 97.040000915527344,
	"total_correct" : 9704,
	"total_wrong" : 296
}