{
	"class_success_rate" : 
	[
		97.191574096679688,
		95.514778137207031,
		95.526840209960938,
		91.641792297363281,
		89.547737121582031,
		89.510490417480469,
		90.444015502929688,
		94.38201904296875
	],
	"confusion_matrix" : 
	[
		[
			969,
			32,
			0,
			0,
			0,
			1,
			1,
			0
		],
		[
			27,
			937,
			23,
			0,
			0,
			0,
			1,
			1
		],
		[
			0,
			11,
			961,
			17,
			0,
			0,
			0,
			0
		],
		[
			0,
			0,
			22,
			921,
			71,
			2,
			0,
			0
		],
		[
			0,
			0,
			0,
			67,
			891,
			30,
			0,
			0
		],
		[
			0,
			0,
			0,
			0,
			33,
			896,
			36,
			3
		],
		[
			0,
			1,
			0,
			0,
			0,
			70,
			937,
			51
		],
		[
			1,
			0,
			0,
			0,
			0,
			2,
			61,
			924
		]
	],
	"succes_result" : 92.949996948242188,
	"total_correct" : 7436,
	"total_wrong" : 564
}