{
	"class_success_rate" : 
	[
		97.534515380859375,
		96.544715881347656,
		95.975852966308594,
		90.758758544921875,
		90.590591430664062,
		89.696968078613281,
		90.03021240234375,
		94.088172912597656
	],
	"confusion_matrix" : 
	[
		[
			989,
			21,
			0,
			0,
			0,
			0,
			1,
			1
		],
		[
			22,
			950,
			19,
			0,
			0,
			0,
			2,
			1
		],
		[
			0,
			13,
			954,
			25,
			0,
			0,
			0,
			0
		],
		[
			0,
			0,
			21,
			933,
			65,
			0,
			1,
			1
		],
		[
			0,
			0,
			0,
			70,
			905,
			28,
			0,
			0
		],
		[
			1,
			0,
			0,
			0,
			28,
			888,
			45,
			2
		],
		[
			1,
			0,
			0,
			0,
			0,
			68,
			894,
			54
		],
		[
			1,
			0,
			0,
			0,
			1,
			6,
			50,
			939
		]
	],
	"succes_result" : 93.150001525878906,
	"total_correct" : 7452,
	"total_wrong" : 548
}