{
	"class_success_rate" : 
	[
		100,
		99.898063659667969,
		100,
		99.900497436523438,
		99.798995971679688,
		99.800201416015625,
		99.806953430175781,
		100
	],
	"confusion_matrix" : 
	[
		[
			997,
			1,
			0,
			0,
			0,
			1,
			0,
			0
		],
		[
			0,
			980,
			0,
			0,
			0,
			0,
			0,
			0
		],
		[
			0,
			0,
			1006,
			0,
			0,
			0,
			0,
			0
		],
		[
			0,
			0,
			0,
			1004,
			2,
			0,
			0,
			0
		],
		[
			0,
			0,
			0,
			1,
			993,
			0,
			0,
			0
		],
		[
			0,
			0,
			0,
			0,
			0,
			999,
			0,
			0
		],
		[
			0,
			0,
			0,
			0,
			0,
			1,
			1034,
			0
		],
		[
			0,
			0,
			0,
			0,
			0,
			0,
			2,
			979
		]
	],
	"succes_result" : 99.900001525878906,
	"total_correct" : 7992,
	"total_wrong" : 8
}