{
	"class_success_rate" : 
	[
		97.740669250488281,
		96.814674377441406,
		95.820594787597656,
		93.516700744628906,
		96.198524475097656
	],
	"confusion_matrix" : 
	[
		[
			995,
			21,
			0,
			1,
			1
		],
		[
			22,
			1003,
			16,
			0,
			0
		],
		[
			0,
			12,
			940,
			15,
			0
		],
		[
			1,
			0,
			24,
			952,
			35
		],
		[
			0,
			0,
			1,
			50,
			911
		]
	],
	"succes_result" : 96.019996643066406,
	"total_correct" : 4801,
	"total_wrong" : 199
}