{
	"class_success_rate" : 
	[
		97.489959716796875,
		96.080398559570312,
		95.740364074707031,
		91.448005676269531,
		96.378273010253906
	],
	"confusion_matrix" : 
	[
		[
			971,
			25,
			0,
			2,
			0
		],
		[
			25,
			956,
			12,
			0,
			1
		],
		[
			0,
			14,
			944,
			12,
			0
		],
		[
			0,
			0,
			30,
			941,
			35
		],
		[
			0,
			0,
			0,
			74,
			958
		]
	],
	"succes_result" : 95.400001525878906,
	"total_correct" : 4770,
	"total_wrong" : 230
}